[
  {
    "artistName": "Ranveer Singh",
    "segment": "Previously Active Listeners"
  },
  {
    "artistName": "Summer Walker",
    "segment": "Previously Active Listeners"
  },
  {
    "artistName": "Beach Bunny",
    "segment": "Previously Active Listeners"
  },
  {
    "artistName": "21 Savage",
    "segment": "Previously Active Listeners"
  },
  {
    "artistName": "Sajid-Wajid",
    "segment": "Previously Active Listeners"
  },
  {
    "artistName": "Nakash Aziz",
    "segment": "Previously Active Listeners"
  },
  {
    "artistName": "Shilpa Rao",
    "segment": "Previously Active Listeners"
  },
  {
    "artistName": "Usha Uthup",
    "segment": "Previously Active Listeners"
  },
  {
    "artistName": "FLOW",
    "segment": "Previously Active Listeners"
  },
  {
    "artistName": "Mohit Chauhan",
    "segment": "Previously Active Listeners"
  },
  {
    "artistName": "tiffi",
    "segment": "Light listeners"
  },
  {
    "artistName": "Flo Milli",
    "segment": "Previously Active Listeners"
  },
  {
    "artistName": "Amrita Kak",
    "segment": "Previously Active Listeners"
  },
  {
    "artistName": "Zendaya",
    "segment": "Previously Active Listeners"
  },
  {
    "artistName": "Backstreet Boys",
    "segment": "Previously Active Listeners"
  },
  {
    "artistName": "Oasis",
    "segment": "Previously Active Listeners"
  },
  {
    "artistName": "The Voidz",
    "segment": "Previously Active Listeners"
  },
  {
    "artistName": "The Growlers",
    "segment": "Light listeners"
  },
  {
    "artistName": "The Japanese House",
    "segment": "Previously Active Listeners"
  },
  {
    "artistName": "Shankar-Ehsaan-Loy",
    "segment": "Previously Active Listeners"
  },
  {
    "artistName": "Takayoshi",
    "segment": "Light listeners"
  },
  {
    "artistName": "Kesha",
    "segment": "Previously Active Listeners"
  },
  {
    "artistName": "Alan Menken",
    "segment": "Light listeners"
  },
  {
    "artistName": "Mild High Club",
    "segment": "Previously Active Listeners"
  },
  {
    "artistName": "Jaishri Trivedi",
    "segment": "Previously Active Listeners"
  },
  {
    "artistName": "PinkPantheress",
    "segment": "Previously Active Listeners"
  },
  {
    "artistName": "AmaLee",
    "segment": "Previously Active Listeners"
  },
  {
    "artistName": "Eminem",
    "segment": "Light listeners"
  },
  {
    "artistName": "Santana",
    "segment": "Light listeners"
  },
  {
    "artistName": "Yellowcard",
    "segment": "Previously Active Listeners"
  },
  {
    "artistName": "Josh Levi",
    "segment": "Previously Active Listeners"
  },
  {
    "artistName": "Amanda Seyfried",
    "segment": "Previously Active Listeners"
  },
  {
    "artistName": "Jackson Wang",
    "segment": "Previously Active Listeners"
  },
  {
    "artistName": "Abhijeet",
    "segment": "Previously Active Listeners"
  },
  {
    "artistName": "Yashita Sharma",
    "segment": "Previously Active Listeners"
  },
  {
    "artistName": "Chris Brown",
    "segment": "Previously Active Listeners"
  },
  {
    "artistName": "George Michael",
    "segment": "Previously Active Listeners"
  },
  {
    "artistName": "Manish Kumar Tipu",
    "segment": "Previously Active Listeners"
  },
  {
    "artistName": "STRFKR",
    "segment": "Light listeners"
  },
  {
    "artistName": "Joey Purp",
    "segment": "Previously Active Listeners"
  },
  {
    "artistName": "Ayparia",
    "segment": "Previously Active Listeners"
  },
  {
    "artistName": "YOASOBI",
    "segment": "Previously Active Listeners"
  },
  {
    "artistName": "KK",
    "segment": "Previously Active Listeners"
  },
  {
    "artistName": "Jadakiss",
    "segment": "Previously Active Listeners"
  },
  {
    "artistName": "Jonita Gandhi",
    "segment": "Previously Active Listeners"
  },
  {
    "artistName": "Manic Bloom",
    "segment": "Previously Active Listeners"
  },
  {
    "artistName": "Ajay-Atul",
    "segment": "Previously Active Listeners"
  },
  {
    "artistName": "Kero Kero Bonito",
    "segment": "Light listeners"
  },
  {
    "artistName": "Aliyah's Interlude",
    "segment": "Light listeners"
  },
  {
    "artistName": "Pankaj Awasthi",
    "segment": "Previously Active Listeners"
  },
  {
    "artistName": "DJ Fronteo",
    "segment": "Previously Active Listeners"
  },
  {
    "artistName": "Anne-Marie",
    "segment": "Previously Active Listeners"
  },
  {
    "artistName": "DaBaby",
    "segment": "Previously Active Listeners"
  },
  {
    "artistName": "LISA",
    "segment": "Previously Active Listeners"
  },
  {
    "artistName": "Calvin Harris",
    "segment": "Previously Active Listeners"
  },
  {
    "artistName": "SECA Records",
    "segment": "Previously Active Listeners"
  },
  {
    "artistName": "Adele",
    "segment": "Previously Active Listeners"
  },
  {
    "artistName": "Vasundhara Das",
    "segment": "Previously Active Listeners"
  },
  {
    "artistName": "Timbaland",
    "segment": "Previously Active Listeners"
  },
  {
    "artistName": "Izzamuzzic",
    "segment": "Previously Active Listeners"
  },
  {
    "artistName": "Natalie Di Luccio",
    "segment": "Previously Active Listeners"
  },
  {
    "artistName": "Akon",
    "segment": "Previously Active Listeners"
  },
  {
    "artistName": "Sneha Khanwalkar",
    "segment": "Previously Active Listeners"
  },
  {
    "artistName": "S. D. Burman",
    "segment": "Previously Active Listeners"
  },
  {
    "artistName": "Julia Michaels",
    "segment": "Previously Active Listeners"
  },
  {
    "artistName": "Dave",
    "segment": "Previously Active Listeners"
  },
  {
    "artistName": "New West",
    "segment": "Previously Active Listeners"
  },
  {
    "artistName": "070 Shake",
    "segment": "Light listeners"
  },
  {
    "artistName": "Kishore Kumar",
    "segment": "Previously Active Listeners"
  },
  {
    "artistName": "Lambo Drive",
    "segment": "Previously Active Listeners"
  },
  {
    "artistName": "Benny Dayal",
    "segment": "Previously Active Listeners"
  },
  {
    "artistName": "Paresh Kamath",
    "segment": "Previously Active Listeners"
  },
  {
    "artistName": "Metro Boomin",
    "segment": "Previously Active Listeners"
  },
  {
    "artistName": "Yutaka Yamada",
    "segment": "Previously Active Listeners"
  },
  {
    "artistName": "4*TOWN (From Disney and Pixar’s Turning Red)",
    "segment": "Previously Active Listeners"
  },
  {
    "artistName": "Sona Mohapatra",
    "segment": "Previously Active Listeners"
  },
  {
    "artistName": "Sum 41",
    "segment": "Previously Active Listeners"
  },
  {
    "artistName": "Maroon 5",
    "segment": "Moderate listeners"
  },
  {
    "artistName": "Chief Keef",
    "segment": "Previously Active Listeners"
  },
  {
    "artistName": "Ado",
    "segment": "Previously Active Listeners"
  },
  {
    "artistName": "The Lonely Island",
    "segment": "Previously Active Listeners"
  },
  {
    "artistName": "Yo Yo Honey Singh",
    "segment": "Previously Active Listeners"
  },
  {
    "artistName": "Loy Mendonsa",
    "segment": "Previously Active Listeners"
  },
  {
    "artistName": "Destiny Rogers",
    "segment": "Previously Active Listeners"
  },
  {
    "artistName": "Liana Flores",
    "segment": "Light listeners"
  },
  {
    "artistName": "Anuv Jain",
    "segment": "Previously Active Listeners"
  },
  {
    "artistName": "Jubin Nautiyal",
    "segment": "Previously Active Listeners"
  },
  {
    "artistName": "Vajid Ali",
    "segment": "Previously Active Listeners"
  },
  {
    "artistName": "Lizzy McAlpine",
    "segment": "Light listeners"
  },
  {
    "artistName": "Gracie Abrams",
    "segment": "Moderate listeners"
  },
  {
    "artistName": "Chinmayi",
    "segment": "Previously Active Listeners"
  },
  {
    "artistName": "Rachel Platten",
    "segment": "Previously Active Listeners"
  },
  {
    "artistName": "Ellie Goulding",
    "segment": "Previously Active Listeners"
  },
  {
    "artistName": "HalcyonMusic",
    "segment": "Previously Active Listeners"
  },
  {
    "artistName": "Tegan and Sara",
    "segment": "Previously Active Listeners"
  },
  {
    "artistName": "SZA",
    "segment": "Super Listeners"
  },
  {
    "artistName": "The Fray",
    "segment": "Previously Active Listeners"
  },
  {
    "artistName": "Cage The Elephant",
    "segment": "Light listeners"
  },
  {
    "artistName": "Grayson Villanueva",
    "segment": "Previously Active Listeners"
  },
  {
    "artistName": "Doja Cat",
    "segment": "Previously Active Listeners"
  },
  {
    "artistName": "Naresh Kamath",
    "segment": "Previously Active Listeners"
  },
  {
    "artistName": "The Walters",
    "segment": "Previously Active Listeners"
  },
  {
    "artistName": "Olivia Rodrigo",
    "segment": "Super Listeners"
  },
  {
    "artistName": "Paramore",
    "segment": "Moderate listeners"
  },
  {
    "artistName": "meydown",
    "segment": "Previously Active Listeners"
  },
  {
    "artistName": "sped up 8282",
    "segment": "Previously Active Listeners"
  },
  {
    "artistName": "Central Cee",
    "segment": "Previously Active Listeners"
  },
  {
    "artistName": "Blur",
    "segment": "Previously Active Listeners"
  },
  {
    "artistName": "One Direction",
    "segment": "Previously Active Listeners"
  },
  {
    "artistName": "Tyler Cole",
    "segment": "Previously Active Listeners"
  },
  {
    "artistName": "Miley Cyrus",
    "segment": "Previously Active Listeners"
  },
  {
    "artistName": "Ruth B.",
    "segment": "Previously Active Listeners"
  },
  {
    "artistName": "Swanand Kirkire",
    "segment": "Previously Active Listeners"
  },
  {
    "artistName": "Sanjay Leela Bhansali",
    "segment": "Previously Active Listeners"
  },
  {
    "artistName": "MC Gury",
    "segment": "Previously Active Listeners"
  },
  {
    "artistName": "M. G. Sreekumar",
    "segment": "Previously Active Listeners"
  },
  {
    "artistName": "Øneheart",
    "segment": "Previously Active Listeners"
  },
  {
    "artistName": "Lily-Rose Depp",
    "segment": "Previously Active Listeners"
  },
  {
    "artistName": "Harshdeep Kaur",
    "segment": "Previously Active Listeners"
  },
  {
    "artistName": "Nachiketa Chakraborty",
    "segment": "Previously Active Listeners"
  },
  {
    "artistName": "Anvita Dutt Guptan",
    "segment": "Previously Active Listeners"
  },
  {
    "artistName": "blink-182",
    "segment": "Previously Active Listeners"
  },
  {
    "artistName": "Artemas",
    "segment": "Previously Active Listeners"
  },
  {
    "artistName": "Neeraj Shridhar",
    "segment": "Previously Active Listeners"
  },
  {
    "artistName": "The Internet",
    "segment": "Previously Active Listeners"
  },
  {
    "artistName": "My Chemical Romance",
    "segment": "Previously Active Listeners"
  },
  {
    "artistName": "Meryl Streep",
    "segment": "Previously Active Listeners"
  },
  {
    "artistName": "B.o.B",
    "segment": "Previously Active Listeners"
  },
  {
    "artistName": "Finch Fetti",
    "segment": "Previously Active Listeners"
  },
  {
    "artistName": "Oracle Sisters",
    "segment": "Previously Active Listeners"
  },
  {
    "artistName": "Modjo",
    "segment": "Previously Active Listeners"
  },
  {
    "artistName": "Muse",
    "segment": "Light listeners"
  },
  {
    "artistName": "Eric Nam",
    "segment": "Previously Active Listeners"
  },
  {
    "artistName": "Hayley Williams",
    "segment": "Moderate listeners"
  },
  {
    "artistName": "draken",
    "segment": "Previously Active Listeners"
  },
  {
    "artistName": "Vishal Bhardwaj",
    "segment": "Previously Active Listeners"
  },
  {
    "artistName": "Travis Scott",
    "segment": "Previously Active Listeners"
  },
  {
    "artistName": "Channel Tres",
    "segment": "Previously Active Listeners"
  },
  {
    "artistName": "VK Blanka",
    "segment": "Previously Active Listeners"
  },
  {
    "artistName": "Mohammed Irfan",
    "segment": "Previously Active Listeners"
  },
  {
    "artistName": "Sukriti Kakar",
    "segment": "Previously Active Listeners"
  },
  {
    "artistName": "Cardi B",
    "segment": "Previously Active Listeners"
  },
  {
    "artistName": "Gulzar",
    "segment": "Previously Active Listeners"
  },
  {
    "artistName": "Men I Trust",
    "segment": "Light listeners"
  },
  {
    "artistName": "Faye Webster",
    "segment": "Light listeners"
  },
  {
    "artistName": "Kali Uchis",
    "segment": "Previously Active Listeners"
  },
  {
    "artistName": "Tame Impala",
    "segment": "Previously Active Listeners"
  },
  {
    "artistName": "Ravi \"Rags\" Khote",
    "segment": "Previously Active Listeners"
  },
  {
    "artistName": "King",
    "segment": "Previously Active Listeners"
  },
  {
    "artistName": "6LACK",
    "segment": "Moderate listeners"
  },
  {
    "artistName": "Icona Pop",
    "segment": "Previously Active Listeners"
  },
  {
    "artistName": "Karun",
    "segment": "Previously Active Listeners"
  },
  {
    "artistName": "grentperez",
    "segment": "Previously Active Listeners"
  },
  {
    "artistName": "Weezer",
    "segment": "Previously Active Listeners"
  },
  {
    "artistName": "Anushka Manchanda",
    "segment": "Previously Active Listeners"
  },
  {
    "artistName": "Random Piano",
    "segment": "Previously Active Listeners"
  },
  {
    "artistName": "Shreya Ghoshal",
    "segment": "Previously Active Listeners"
  },
  {
    "artistName": "PSY",
    "segment": "Previously Active Listeners"
  },
  {
    "artistName": "Kanika Kapoor",
    "segment": "Previously Active Listeners"
  },
  {
    "artistName": "season boys",
    "segment": "Previously Active Listeners"
  },
  {
    "artistName": "The Rare Occasions",
    "segment": "Previously Active Listeners"
  },
  {
    "artistName": "Aimer",
    "segment": "Previously Active Listeners"
  },
  {
    "artistName": "Julien Marchal",
    "segment": "Previously Active Listeners"
  },
  {
    "artistName": "Monali Thakur",
    "segment": "Light listeners"
  },
  {
    "artistName": "Royal Blood",
    "segment": "Previously Active Listeners"
  },
  {
    "artistName": "FAST BOY",
    "segment": "Previously Active Listeners"
  },
  {
    "artistName": "Cochise",
    "segment": "Previously Active Listeners"
  },
  {
    "artistName": "Breaking Benjamin",
    "segment": "Previously Active Listeners"
  },
  {
    "artistName": "kenzie",
    "segment": "Previously Active Listeners"
  },
  {
    "artistName": "Green Day",
    "segment": "Previously Active Listeners"
  },
  {
    "artistName": "Vishal-Shekhar",
    "segment": "Light listeners"
  },
  {
    "artistName": "Harshavardhan Rameshwar",
    "segment": "Previously Active Listeners"
  },
  {
    "artistName": "Metric",
    "segment": "Previously Active Listeners"
  },
  {
    "artistName": "Raaban",
    "segment": "Previously Active Listeners"
  },
  {
    "artistName": "Jordan Fisher",
    "segment": "Previously Active Listeners"
  },
  {
    "artistName": "unxbected",
    "segment": "Previously Active Listeners"
  },
  {
    "artistName": "Mark Ronson",
    "segment": "Previously Active Listeners"
  },
  {
    "artistName": "Zedd",
    "segment": "Previously Active Listeners"
  },
  {
    "artistName": "Zion & Lennox",
    "segment": "Light listeners"
  },
  {
    "artistName": "Declan McKenna",
    "segment": "Previously Active Listeners"
  },
  {
    "artistName": "ASIAN KUNG-FU GENERATION",
    "segment": "Previously Active Listeners"
  },
  {
    "artistName": "Antara Mitra",
    "segment": "Previously Active Listeners"
  },
  {
    "artistName": "Sunidhi Chauhan",
    "segment": "Light listeners"
  },
  {
    "artistName": "Becky Hill",
    "segment": "Previously Active Listeners"
  },
  {
    "artistName": "wendel",
    "segment": "Previously Active Listeners"
  },
  {
    "artistName": "Flixterr",
    "segment": "Previously Active Listeners"
  },
  {
    "artistName": "The Marías",
    "segment": "Light listeners"
  },
  {
    "artistName": "Roop Kumar Rathod",
    "segment": "Previously Active Listeners"
  },
  {
    "artistName": "Ice Spice",
    "segment": "Previously Active Listeners"
  },
  {
    "artistName": "Madonna",
    "segment": "Previously Active Listeners"
  },
  {
    "artistName": "Sarah Cothran",
    "segment": "Previously Active Listeners"
  },
  {
    "artistName": "Meghan Trainor",
    "segment": "Previously Active Listeners"
  },
  {
    "artistName": "Salim Merchant",
    "segment": "Previously Active Listeners"
  },
  {
    "artistName": "Víkingur Ólafsson",
    "segment": "Previously Active Listeners"
  },
  {
    "artistName": "Talhah Yunus",
    "segment": "Previously Active Listeners"
  },
  {
    "artistName": "Doechii",
    "segment": "Previously Active Listeners"
  },
  {
    "artistName": "mgk",
    "segment": "Previously Active Listeners"
  },
  {
    "artistName": "slō",
    "segment": "Previously Active Listeners"
  },
  {
    "artistName": "vaultboy",
    "segment": "Previously Active Listeners"
  },
  {
    "artistName": "Conan Gray",
    "segment": "Previously Active Listeners"
  },
  {
    "artistName": "Hamsika Iyer",
    "segment": "Previously Active Listeners"
  },
  {
    "artistName": "Julian Casablancas",
    "segment": "Light listeners"
  },
  {
    "artistName": "Glass Animals",
    "segment": "Previously Active Listeners"
  },
  {
    "artistName": "Carly Rae Jepsen",
    "segment": "Previously Active Listeners"
  },
  {
    "artistName": "Eve",
    "segment": "Previously Active Listeners"
  },
  {
    "artistName": "moonii",
    "segment": "Previously Active Listeners"
  },
  {
    "artistName": "Khalid",
    "segment": "Previously Active Listeners"
  },
  {
    "artistName": "Tazzy",
    "segment": "Previously Active Listeners"
  },
  {
    "artistName": "Sireesha Bhagavatula",
    "segment": "Previously Active Listeners"
  },
  {
    "artistName": "Laurindo Almeida",
    "segment": "Previously Active Listeners"
  },
  {
    "artistName": "FINNEAS",
    "segment": "Previously Active Listeners"
  },
  {
    "artistName": "Labrinth",
    "segment": "Previously Active Listeners"
  },
  {
    "artistName": "Siddharth - Garima",
    "segment": "Previously Active Listeners"
  },
  {
    "artistName": "Luis Fonsi",
    "segment": "Light listeners"
  },
  {
    "artistName": "Swae Lee",
    "segment": "Previously Active Listeners"
  },
  {
    "artistName": "Arctic Monkeys",
    "segment": "Moderate listeners"
  },
  {
    "artistName": "Fugees",
    "segment": "Previously Active Listeners"
  },
  {
    "artistName": "Dhruv",
    "segment": "Previously Active Listeners"
  },
  {
    "artistName": "Tate McRae",
    "segment": "Previously Active Listeners"
  },
  {
    "artistName": "Lauv",
    "segment": "Previously Active Listeners"
  },
  {
    "artistName": "Savera",
    "segment": "Previously Active Listeners"
  },
  {
    "artistName": "The Last Shadow Puppets",
    "segment": "Previously Active Listeners"
  },
  {
    "artistName": "Avril Lavigne",
    "segment": "Previously Active Listeners"
  },
  {
    "artistName": "Jaden",
    "segment": "Previously Active Listeners"
  },
  {
    "artistName": "Amaarae",
    "segment": "Previously Active Listeners"
  },
  {
    "artistName": "Xanemusic",
    "segment": "Previously Active Listeners"
  },
  {
    "artistName": "Sayuri",
    "segment": "Moderate listeners"
  },
  {
    "artistName": "Suki Waterhouse",
    "segment": "Previously Active Listeners"
  },
  {
    "artistName": "MGMT",
    "segment": "Previously Active Listeners"
  },
  {
    "artistName": "James Carter",
    "segment": "Previously Active Listeners"
  },
  {
    "artistName": "Joji",
    "segment": "Previously Active Listeners"
  },
  {
    "artistName": "Soham",
    "segment": "Previously Active Listeners"
  },
  {
    "artistName": "Tyler, The Creator",
    "segment": "Previously Active Listeners"
  },
  {
    "artistName": "The Macarons Project",
    "segment": "Previously Active Listeners"
  },
  {
    "artistName": "City Girl",
    "segment": "Light listeners"
  },
  {
    "artistName": "Cafuné",
    "segment": "Previously Active Listeners"
  },
  {
    "artistName": "Mitski",
    "segment": "Previously Active Listeners"
  },
  {
    "artistName": "Sparklehorse",
    "segment": "Previously Active Listeners"
  },
  {
    "artistName": "Atif Aslam",
    "segment": "Previously Active Listeners"
  },
  {
    "artistName": "Amaal Mallik",
    "segment": "Previously Active Listeners"
  },
  {
    "artistName": "Woodkid",
    "segment": "Previously Active Listeners"
  },
  {
    "artistName": "Måneskin",
    "segment": "Previously Active Listeners"
  },
  {
    "artistName": "Javed Akhtar",
    "segment": "Previously Active Listeners"
  },
  {
    "artistName": "Father John Misty",
    "segment": "Previously Active Listeners"
  },
  {
    "artistName": "Childish Gambino",
    "segment": "Previously Active Listeners"
  },
  {
    "artistName": "Sean Paul",
    "segment": "Previously Active Listeners"
  },
  {
    "artistName": "The Weeknd",
    "segment": "Light listeners"
  },
  {
    "artistName": "Krsna Solo",
    "segment": "Previously Active Listeners"
  },
  {
    "artistName": "Pusha T",
    "segment": "Previously Active Listeners"
  },
  {
    "artistName": "Sohail Sen",
    "segment": "Previously Active Listeners"
  },
  {
    "artistName": "Kendrick Lamar",
    "segment": "Previously Active Listeners"
  },
  {
    "artistName": "Ayushmann Khurrana",
    "segment": "Previously Active Listeners"
  },
  {
    "artistName": "Majid Jordan",
    "segment": "Previously Active Listeners"
  },
  {
    "artistName": "Sabri Brothers",
    "segment": "Previously Active Listeners"
  },
  {
    "artistName": "Neeti Mohan",
    "segment": "Light listeners"
  },
  {
    "artistName": "OAFF",
    "segment": "Previously Active Listeners"
  },
  {
    "artistName": "Mithoon",
    "segment": "Previously Active Listeners"
  },
  {
    "artistName": "Adam Melchor",
    "segment": "Previously Active Listeners"
  },
  {
    "artistName": "Finneas O'Connell",
    "segment": "Previously Active Listeners"
  },
  {
    "artistName": "FIFTY FIFTY",
    "segment": "Previously Active Listeners"
  },
  {
    "artistName": "Ram Sampath",
    "segment": "Previously Active Listeners"
  },
  {
    "artistName": "Charlie Puth",
    "segment": "Previously Active Listeners"
  },
  {
    "artistName": "ef3",
    "segment": "Previously Active Listeners"
  },
  {
    "artistName": "Geek Music",
    "segment": "Previously Active Listeners"
  },
  {
    "artistName": "Wet Leg",
    "segment": "Previously Active Listeners"
  },
  {
    "artistName": "OneRepublic",
    "segment": "Previously Active Listeners"
  },
  {
    "artistName": "Siddharth Mahadevan",
    "segment": "Previously Active Listeners"
  },
  {
    "artistName": "Isabel LaRosa",
    "segment": "Previously Active Listeners"
  },
  {
    "artistName": "Amit Kumar",
    "segment": "Previously Active Listeners"
  },
  {
    "artistName": "Emma Stone",
    "segment": "Previously Active Listeners"
  },
  {
    "artistName": "Topher Ngo",
    "segment": "Previously Active Listeners"
  },
  {
    "artistName": "BLACKPINK",
    "segment": "Moderate listeners"
  },
  {
    "artistName": "Animenzz",
    "segment": "Light listeners"
  },
  {
    "artistName": "d4vd",
    "segment": "Light listeners"
  },
  {
    "artistName": "Bhavya Pandit",
    "segment": "Previously Active Listeners"
  },
  {
    "artistName": "Kailasa",
    "segment": "Previously Active Listeners"
  },
  {
    "artistName": "Justin Hurwitz",
    "segment": "Light listeners"
  },
  {
    "artistName": "Foster The People",
    "segment": "Light listeners"
  },
  {
    "artistName": "King Gnu",
    "segment": "Previously Active Listeners"
  },
  {
    "artistName": "Viju Shah",
    "segment": "Previously Active Listeners"
  },
  {
    "artistName": "Mother Mother",
    "segment": "Previously Active Listeners"
  },
  {
    "artistName": "Labh Janjua",
    "segment": "Previously Active Listeners"
  },
  {
    "artistName": "Sam Tsui",
    "segment": "Previously Active Listeners"
  },
  {
    "artistName": "Tanishk Bagchi",
    "segment": "Previously Active Listeners"
  },
  {
    "artistName": "Alesso",
    "segment": "Previously Active Listeners"
  },
  {
    "artistName": "Asees Kaur",
    "segment": "Previously Active Listeners"
  },
  {
    "artistName": "Nicki Minaj",
    "segment": "Previously Active Listeners"
  },
  {
    "artistName": "Kanye West",
    "segment": "Moderate listeners"
  },
  {
    "artistName": "Adrey",
    "segment": "Light listeners"
  },
  {
    "artistName": "Vishal Mishra",
    "segment": "Previously Active Listeners"
  },
  {
    "artistName": "TK from Ling tosite sigure",
    "segment": "Previously Active Listeners"
  },
  {
    "artistName": "Leyla Blue",
    "segment": "Previously Active Listeners"
  },
  {
    "artistName": "ABBA",
    "segment": "Previously Active Listeners"
  },
  {
    "artistName": "Chappell Roan",
    "segment": "Moderate listeners"
  },
  {
    "artistName": "Sonu Nigam",
    "segment": "Previously Active Listeners"
  },
  {
    "artistName": "Osman Mir",
    "segment": "Previously Active Listeners"
  },
  {
    "artistName": "Hoàng Thùy Linh",
    "segment": "Previously Active Listeners"
  },
  {
    "artistName": "Mac Miller",
    "segment": "Previously Active Listeners"
  },
  {
    "artistName": "Dréya Mac",
    "segment": "Previously Active Listeners"
  },
  {
    "artistName": "Three Days Grace",
    "segment": "Previously Active Listeners"
  },
  {
    "artistName": "Lana Del Rey",
    "segment": "Moderate listeners"
  },
  {
    "artistName": "J. Cole",
    "segment": "Previously Active Listeners"
  },
  {
    "artistName": "Halsey",
    "segment": "Previously Active Listeners"
  },
  {
    "artistName": "Bappa.B.Lahiri",
    "segment": "Previously Active Listeners"
  },
  {
    "artistName": "Various Artists",
    "segment": "Moderate listeners"
  },
  {
    "artistName": "beabadoobee",
    "segment": "Light listeners"
  },
  {
    "artistName": "WILLOW",
    "segment": "Previously Active Listeners"
  },
  {
    "artistName": "reidenshi",
    "segment": "Previously Active Listeners"
  },
  {
    "artistName": "A.R. Rahman",
    "segment": "Previously Active Listeners"
  },
  {
    "artistName": "Noxys",
    "segment": "Previously Active Listeners"
  },
  {
    "artistName": "Billie Eilish",
    "segment": "Moderate listeners"
  },
  {
    "artistName": "Roar",
    "segment": "Previously Active Listeners"
  },
  {
    "artistName": "Zane Lowe",
    "segment": "Previously Active Listeners"
  },
  {
    "artistName": "SYML",
    "segment": "Previously Active Listeners"
  },
  {
    "artistName": "Patrik Pietschmann",
    "segment": "Light listeners"
  },
  {
    "artistName": "The Neighbourhood",
    "segment": "Previously Active Listeners"
  },
  {
    "artistName": "Tarun Sagar",
    "segment": "Previously Active Listeners"
  },
  {
    "artistName": "Nusrat Fateh Ali Khan",
    "segment": "Previously Active Listeners"
  },
  {
    "artistName": "Mika Singh",
    "segment": "Previously Active Listeners"
  },
  {
    "artistName": "Lil Mama",
    "segment": "Previously Active Listeners"
  },
  {
    "artistName": "Queen",
    "segment": "Previously Active Listeners"
  },
  {
    "artistName": "美波",
    "segment": "Previously Active Listeners"
  },
  {
    "artistName": "Panic! At The Disco",
    "segment": "Light listeners"
  },
  {
    "artistName": "$NOT",
    "segment": "Previously Active Listeners"
  },
  {
    "artistName": "bôa",
    "segment": "Light listeners"
  },
  {
    "artistName": "Two Door Cinema Club",
    "segment": "Previously Active Listeners"
  },
  {
    "artistName": "ash5000",
    "segment": "Previously Active Listeners"
  },
  {
    "artistName": "Shaan",
    "segment": "Previously Active Listeners"
  },
  {
    "artistName": "The Fratellis",
    "segment": "Light listeners"
  },
  {
    "artistName": "Sachin-Jigar",
    "segment": "Previously Active Listeners"
  },
  {
    "artistName": "Clinton Cerejo",
    "segment": "Previously Active Listeners"
  },
  {
    "artistName": "Sushisingz",
    "segment": "Previously Active Listeners"
  },
  {
    "artistName": "Laufey",
    "segment": "Super Listeners"
  },
  {
    "artistName": "Superfruit",
    "segment": "Previously Active Listeners"
  },
  {
    "artistName": "Tessa Violet",
    "segment": "Previously Active Listeners"
  },
  {
    "artistName": "Jakob",
    "segment": "Previously Active Listeners"
  },
  {
    "artistName": "TWICE",
    "segment": "Previously Active Listeners"
  },
  {
    "artistName": "Gym Class Heroes",
    "segment": "Previously Active Listeners"
  },
  {
    "artistName": "Pitbull",
    "segment": "Previously Active Listeners"
  },
  {
    "artistName": "Anu Malik",
    "segment": "Light listeners"
  },
  {
    "artistName": "Armaan Malik",
    "segment": "Previously Active Listeners"
  },
  {
    "artistName": "Keane",
    "segment": "Previously Active Listeners"
  },
  {
    "artistName": "ALI",
    "segment": "Previously Active Listeners"
  },
  {
    "artistName": "Farhan Akhtar",
    "segment": "Previously Active Listeners"
  },
  {
    "artistName": "ZAYN",
    "segment": "Previously Active Listeners"
  },
  {
    "artistName": "Charli xcx",
    "segment": "Previously Active Listeners"
  },
  {
    "artistName": "Frank Ocean",
    "segment": "Previously Active Listeners"
  },
  {
    "artistName": "Tungevaag",
    "segment": "Previously Active Listeners"
  },
  {
    "artistName": "Palak Muchhal",
    "segment": "Previously Active Listeners"
  },
  {
    "artistName": "Alyssa Mendonsa",
    "segment": "Previously Active Listeners"
  },
  {
    "artistName": "Shalmali Kholgade",
    "segment": "Previously Active Listeners"
  },
  {
    "artistName": "Junior Senior",
    "segment": "Previously Active Listeners"
  },
  {
    "artistName": "Ashe",
    "segment": "Previously Active Listeners"
  },
  {
    "artistName": "Kehlani",
    "segment": "Previously Active Listeners"
  },
  {
    "artistName": "SUICIDAL-IDOL",
    "segment": "Previously Active Listeners"
  },
  {
    "artistName": "Stephen Sanchez",
    "segment": "Previously Active Listeners"
  },
  {
    "artistName": "Juliana Chahayed",
    "segment": "Light listeners"
  },
  {
    "artistName": "THE ORAL CIGARETTES",
    "segment": "Previously Active Listeners"
  },
  {
    "artistName": "Twenty One Pilots",
    "segment": "Previously Active Listeners"
  },
  {
    "artistName": "Selena Gomez",
    "segment": "Previously Active Listeners"
  },
  {
    "artistName": "Rex Orange County",
    "segment": "Moderate listeners"
  },
  {
    "artistName": "Ashanti",
    "segment": "Previously Active Listeners"
  },
  {
    "artistName": "Lehmber Hussainpuri",
    "segment": "Previously Active Listeners"
  },
  {
    "artistName": "Nirvana",
    "segment": "Previously Active Listeners"
  },
  {
    "artistName": "MEDUZA",
    "segment": "Previously Active Listeners"
  },
  {
    "artistName": "Harry Styles",
    "segment": "Previously Active Listeners"
  },
  {
    "artistName": "No Buses",
    "segment": "Previously Active Listeners"
  },
  {
    "artistName": "Los Del Rio",
    "segment": "Previously Active Listeners"
  },
  {
    "artistName": "Lucie,Too",
    "segment": "Previously Active Listeners"
  },
  {
    "artistName": "sped up + slowed",
    "segment": "Light listeners"
  },
  {
    "artistName": "Demi Lovato",
    "segment": "Previously Active Listeners"
  },
  {
    "artistName": "Joe Hisaishi",
    "segment": "Previously Active Listeners"
  },
  {
    "artistName": "Hailee Steinfeld",
    "segment": "Previously Active Listeners"
  },
  {
    "artistName": "Playboi Carti",
    "segment": "Previously Active Listeners"
  },
  {
    "artistName": "Tulsi Kumar",
    "segment": "Previously Active Listeners"
  },
  {
    "artistName": "Ms. Lauryn Hill",
    "segment": "Previously Active Listeners"
  },
  {
    "artistName": "Neelambari Kirkire",
    "segment": "Previously Active Listeners"
  },
  {
    "artistName": "Red Hot Chili Peppers",
    "segment": "Previously Active Listeners"
  },
  {
    "artistName": "Kurt Hugo Schneider",
    "segment": "Previously Active Listeners"
  },
  {
    "artistName": "QUIN",
    "segment": "Moderate listeners"
  },
  {
    "artistName": "Talha Anjum",
    "segment": "Previously Active Listeners"
  },
  {
    "artistName": "Miniature Tigers",
    "segment": "Previously Active Listeners"
  },
  {
    "artistName": "MANOJ TIWARI",
    "segment": "Previously Active Listeners"
  },
  {
    "artistName": "Kavita Seth",
    "segment": "Previously Active Listeners"
  },
  {
    "artistName": "Sia",
    "segment": "Previously Active Listeners"
  },
  {
    "artistName": "Goodboys",
    "segment": "Previously Active Listeners"
  },
  {
    "artistName": "Kausar Munir",
    "segment": "Previously Active Listeners"
  },
  {
    "artistName": "EDITKINGS",
    "segment": "Previously Active Listeners"
  },
  {
    "artistName": "Camila Cabello",
    "segment": "Previously Active Listeners"
  },
  {
    "artistName": "Daft Punk",
    "segment": "Light listeners"
  },
  {
    "artistName": "Scooby",
    "segment": "Previously Active Listeners"
  },
  {
    "artistName": "Amitabh Bhattacharya",
    "segment": "Light listeners"
  },
  {
    "artistName": "Mustafa Zahid",
    "segment": "Previously Active Listeners"
  },
  {
    "artistName": "pnahor",
    "segment": "Previously Active Listeners"
  },
  {
    "artistName": "Philharmonia Orchestra",
    "segment": "Moderate listeners"
  },
  {
    "artistName": "Jungle",
    "segment": "Previously Active Listeners"
  },
  {
    "artistName": "Barbar60",
    "segment": "Previously Active Listeners"
  },
  {
    "artistName": "Shefali Alvares",
    "segment": "Previously Active Listeners"
  },
  {
    "artistName": "Drake",
    "segment": "Previously Active Listeners"
  },
  {
    "artistName": "FelixThe1st",
    "segment": "Previously Active Listeners"
  },
  {
    "artistName": "Radiohead",
    "segment": "Light listeners"
  },
  {
    "artistName": "Bruno Mars",
    "segment": "Previously Active Listeners"
  },
  {
    "artistName": "Hemant Kumar",
    "segment": "Previously Active Listeners"
  },
  {
    "artistName": "Aditya Rikhari",
    "segment": "Previously Active Listeners"
  },
  {
    "artistName": "Piyush Mishra",
    "segment": "Previously Active Listeners"
  },
  {
    "artistName": "Kailash Kher",
    "segment": "Previously Active Listeners"
  },
  {
    "artistName": "R. D. Burman",
    "segment": "Previously Active Listeners"
  },
  {
    "artistName": "Jonas Brothers",
    "segment": "Previously Active Listeners"
  },
  {
    "artistName": "Varun Grover",
    "segment": "Light listeners"
  },
  {
    "artistName": "SZA",
    "segment": "Previously Active Listeners"
  },
  {
    "artistName": "Em Beihold",
    "segment": "Previously Active Listeners"
  },
  {
    "artistName": "Meet Bros Anjjan",
    "segment": "Previously Active Listeners"
  },
  {
    "artistName": "Alex Turner",
    "segment": "Previously Active Listeners"
  },
  {
    "artistName": "Ava Max",
    "segment": "Previously Active Listeners"
  },
  {
    "artistName": "Vishal Dadlani",
    "segment": "Previously Active Listeners"
  },
  {
    "artistName": "DNCE",
    "segment": "Previously Active Listeners"
  },
  {
    "artistName": "Shirish Kunder",
    "segment": "Previously Active Listeners"
  },
  {
    "artistName": "Indravathi Chauhan",
    "segment": "Previously Active Listeners"
  },
  {
    "artistName": "Dua Lipa",
    "segment": "Previously Active Listeners"
  },
  {
    "artistName": "Daddy Yankee",
    "segment": "Light listeners"
  },
  {
    "artistName": "Anand Raj Anand",
    "segment": "Previously Active Listeners"
  },
  {
    "artistName": "Bella Poarch",
    "segment": "Previously Active Listeners"
  },
  {
    "artistName": "Finger Eleven",
    "segment": "Previously Active Listeners"
  },
  {
    "artistName": "Young Thug",
    "segment": "Previously Active Listeners"
  },
  {
    "artistName": "Javed Bashir",
    "segment": "Previously Active Listeners"
  },
  {
    "artistName": "G-Eazy",
    "segment": "Previously Active Listeners"
  },
  {
    "artistName": "Cast of Mamma Mia! The Movie",
    "segment": "Previously Active Listeners"
  },
  {
    "artistName": "Haruka",
    "segment": "Previously Active Listeners"
  },
  {
    "artistName": "Stacey Ryan",
    "segment": "Previously Active Listeners"
  },
  {
    "artistName": "Sonu Kakkar",
    "segment": "Previously Active Listeners"
  },
  {
    "artistName": "Franz Ferdinand",
    "segment": "Previously Active Listeners"
  },
  {
    "artistName": "Russ",
    "segment": "Previously Active Listeners"
  },
  {
    "artistName": "Scammacist",
    "segment": "Previously Active Listeners"
  },
  {
    "artistName": "Yugo Kanno",
    "segment": "Previously Active Listeners"
  },
  {
    "artistName": "BRADIO",
    "segment": "Previously Active Listeners"
  },
  {
    "artistName": "Jasleen Royal",
    "segment": "Previously Active Listeners"
  },
  {
    "artistName": "Arijit Singh",
    "segment": "Previously Active Listeners"
  },
  {
    "artistName": "Dominique Cerejo",
    "segment": "Previously Active Listeners"
  },
  {
    "artistName": "Gesaffelstein",
    "segment": "Previously Active Listeners"
  },
  {
    "artistName": "Young Stunners",
    "segment": "Previously Active Listeners"
  },
  {
    "artistName": "Alisha Chinai",
    "segment": "Previously Active Listeners"
  },
  {
    "artistName": "Rahat Fateh Ali Khan",
    "segment": "Previously Active Listeners"
  },
  {
    "artistName": "Loretta Lynn",
    "segment": "Previously Active Listeners"
  },
  {
    "artistName": "Kaysha",
    "segment": "Previously Active Listeners"
  },
  {
    "artistName": "sundial",
    "segment": "Previously Active Listeners"
  },
  {
    "artistName": "Justin Bieber",
    "segment": "Moderate listeners"
  },
  {
    "artistName": "Marshmello",
    "segment": "Previously Active Listeners"
  },
  {
    "artistName": "Salim–Sulaiman",
    "segment": "Previously Active Listeners"
  },
  {
    "artistName": "Loretta Lynn And Friends",
    "segment": "Previously Active Listeners"
  },
  {
    "artistName": "Future",
    "segment": "Previously Active Listeners"
  },
  {
    "artistName": "Steve Lacy",
    "segment": "Previously Active Listeners"
  },
  {
    "artistName": "Alka Yagnik",
    "segment": "Previously Active Listeners"
  },
  {
    "artistName": "Bon Iver",
    "segment": "Light listeners"
  },
  {
    "artistName": "Fazilpuria",
    "segment": "Previously Active Listeners"
  },
  {
    "artistName": "DaniLeigh",
    "segment": "Previously Active Listeners"
  },
  {
    "artistName": "Amit Trivedi",
    "segment": "Previously Active Listeners"
  },
  {
    "artistName": "Coldplay",
    "segment": "Light listeners"
  },
  {
    "artistName": "Neha Kakkar",
    "segment": "Previously Active Listeners"
  },
  {
    "artistName": "Ed Sheeran",
    "segment": "Previously Active Listeners"
  },
  {
    "artistName": "Jack Harlow",
    "segment": "Previously Active Listeners"
  },
  {
    "artistName": "RADWIMPS",
    "segment": "Previously Active Listeners"
  },
  {
    "artistName": "Pritam",
    "segment": "Light listeners"
  },
  {
    "artistName": "Post Malone",
    "segment": "Previously Active Listeners"
  },
  {
    "artistName": "Matt Maltese",
    "segment": "Light listeners"
  },
  {
    "artistName": "Rekha Bhardwaj",
    "segment": "Previously Active Listeners"
  },
  {
    "artistName": "GAYLE",
    "segment": "Previously Active Listeners"
  },
  {
    "artistName": "Shweta Pandit",
    "segment": "Previously Active Listeners"
  },
  {
    "artistName": "ROSALÍA",
    "segment": "Previously Active Listeners"
  },
  {
    "artistName": "Caralisa Monteiro",
    "segment": "Previously Active Listeners"
  },
  {
    "artistName": "Inner Wave",
    "segment": "Previously Active Listeners"
  },
  {
    "artistName": "Bonnie Tyler",
    "segment": "Previously Active Listeners"
  },
  {
    "artistName": "Azealia Banks",
    "segment": "Light listeners"
  },
  {
    "artistName": "kevoxx",
    "segment": "Previously Active Listeners"
  },
  {
    "artistName": "Ryan Gosling",
    "segment": "Previously Active Listeners"
  },
  {
    "artistName": "AKASA",
    "segment": "Light listeners"
  },
  {
    "artistName": "JENNIE",
    "segment": "Moderate listeners"
  },
  {
    "artistName": "Surf Curse",
    "segment": "Previously Active Listeners"
  },
  {
    "artistName": "Mariya Takeuchi",
    "segment": "Previously Active Listeners"
  },
  {
    "artistName": "Devi Sri Prasad",
    "segment": "Previously Active Listeners"
  },
  {
    "artistName": "Christina Grimmie",
    "segment": "Previously Active Listeners"
  },
  {
    "artistName": "miwa",
    "segment": "Previously Active Listeners"
  },
  {
    "artistName": "Shafqat Amanat Ali",
    "segment": "Previously Active Listeners"
  },
  {
    "artistName": "Gorillaz",
    "segment": "Previously Active Listeners"
  },
  {
    "artistName": "NF",
    "segment": "Previously Active Listeners"
  },
  {
    "artistName": "Shankar Mahadevan",
    "segment": "Previously Active Listeners"
  },
  {
    "artistName": "Lil Nas X",
    "segment": "Previously Active Listeners"
  },
  {
    "artistName": "Grizzly Bear",
    "segment": "Previously Active Listeners"
  },
  {
    "artistName": "NIKI",
    "segment": "Light listeners"
  },
  {
    "artistName": "Ren",
    "segment": "Previously Active Listeners"
  },
  {
    "artistName": "Thundercat",
    "segment": "Previously Active Listeners"
  },
  {
    "artistName": "Jack White",
    "segment": "Previously Active Listeners"
  },
  {
    "artistName": "Kamaal Khan",
    "segment": "Light listeners"
  },
  {
    "artistName": "Justin Timberlake",
    "segment": "Previously Active Listeners"
  },
  {
    "artistName": "Los Retros",
    "segment": "Previously Active Listeners"
  },
  {
    "artistName": "Rochak Kohli",
    "segment": "Previously Active Listeners"
  },
  {
    "artistName": "Suraj Jagan",
    "segment": "Previously Active Listeners"
  },
  {
    "artistName": "Katy Perry",
    "segment": "Light listeners"
  },
  {
    "artistName": "Taylor Swift",
    "segment": "Super Listeners"
  },
  {
    "artistName": "Jamiroquai",
    "segment": "Previously Active Listeners"
  },
  {
    "artistName": "Muppet DJ",
    "segment": "Previously Active Listeners"
  },
  {
    "artistName": "Michael Jackson",
    "segment": "Previously Active Listeners"
  },
  {
    "artistName": "Animal Collective",
    "segment": "Previously Active Listeners"
  },
  {
    "artistName": "11:11 Music Group",
    "segment": "Previously Active Listeners"
  },
  {
    "artistName": "Yenne Lee",
    "segment": "Previously Active Listeners"
  },
  {
    "artistName": "Nelly",
    "segment": "Moderate listeners"
  },
  {
    "artistName": "of Montreal",
    "segment": "Previously Active Listeners"
  },
  {
    "artistName": "Ariana Grande",
    "segment": "Previously Active Listeners"
  },
  {
    "artistName": "Aqua",
    "segment": "Previously Active Listeners"
  },
  {
    "artistName": "Mahalia",
    "segment": "Previously Active Listeners"
  },
  {
    "artistName": "Ginger Root",
    "segment": "Previously Active Listeners"
  },
  {
    "artistName": "Evanescence",
    "segment": "Previously Active Listeners"
  },
  {
    "artistName": "Choir",
    "segment": "Previously Active Listeners"
  },
  {
    "artistName": "Miguel",
    "segment": "Moderate listeners"
  },
  {
    "artistName": "Moliy",
    "segment": "Previously Active Listeners"
  },
  {
    "artistName": "Maren Morris",
    "segment": "Previously Active Listeners"
  },
  {
    "artistName": "Yusuf Mohammed",
    "segment": "Previously Active Listeners"
  },
  {
    "artistName": "Alexandra Savior",
    "segment": "Light listeners"
  },
  {
    "artistName": "Nazia Hassan",
    "segment": "Previously Active Listeners"
  },
  {
    "artistName": "The Cardigans",
    "segment": "Previously Active Listeners"
  },
  {
    "artistName": "Shruti Pathak",
    "segment": "Previously Active Listeners"
  },
  {
    "artistName": "twilight",
    "segment": "Previously Active Listeners"
  },
  {
    "artistName": "The Strokes",
    "segment": "Moderate listeners"
  },
  {
    "artistName": "Sean Kingston",
    "segment": "Moderate listeners"
  },
  {
    "artistName": "Kenshi Yonezu",
    "segment": "Previously Active Listeners"
  },
  {
    "artistName": "YUI",
    "segment": "Previously Active Listeners"
  },
  {
    "artistName": "Elley Duhé",
    "segment": "Previously Active Listeners"
  },
  {
    "artistName": "omer inayat",
    "segment": "Previously Active Listeners"
  },
  {
    "artistName": "DJ Snake",
    "segment": "Moderate listeners"
  },
  {
    "artistName": "FUR",
    "segment": "Previously Active Listeners"
  },
  {
    "artistName": "UNISON SQUARE GARDEN",
    "segment": "Previously Active Listeners"
  },
  {
    "artistName": "John Mayer",
    "segment": "Previously Active Listeners"
  },
  {
    "artistName": "Rashid Ali",
    "segment": "Previously Active Listeners"
  },
  {
    "artistName": "Ash King",
    "segment": "Previously Active Listeners"
  },
  {
    "artistName": "Sabrina Carpenter",
    "segment": "Moderate listeners"
  },
  {
    "artistName": "Whatever, Dad",
    "segment": "Light listeners"
  },
  {
    "artistName": "NewJeans",
    "segment": "Previously Active Listeners"
  },
  {
    "artistName": "Himesh Reshammiya",
    "segment": "Previously Active Listeners"
  },
  {
    "artistName": "Cigarettes After Sex",
    "segment": "Previously Active Listeners"
  },
  {
    "artistName": "Rashid Khan",
    "segment": "Previously Active Listeners"
  },
  {
    "artistName": "RAYE",
    "segment": "Light listeners"
  },
  {
    "artistName": "Baby Tate",
    "segment": "Previously Active Listeners"
  },
  {
    "artistName": "Tinashe",
    "segment": "Moderate listeners"
  },
  {
    "artistName": "MY FIRST STORY",
    "segment": "Previously Active Listeners"
  },
  {
    "artistName": "Gajendra Verma",
    "segment": "Previously Active Listeners"
  },
  {
    "artistName": "Sandeep Shrivastava",
    "segment": "Previously Active Listeners"
  },
  {
    "artistName": "TV Girl",
    "segment": "Light listeners"
  },
  {
    "artistName": "The Rose",
    "segment": "Previously Active Listeners"
  },
  {
    "artistName": "Justine Skye",
    "segment": "Previously Active Listeners"
  },
  {
    "artistName": "Yung Bae",
    "segment": "Previously Active Listeners"
  },
  {
    "artistName": "Lawsy",
    "segment": "Previously Active Listeners"
  },
  {
    "artistName": "THE ANXIETY",
    "segment": "Previously Active Listeners"
  },
  {
    "artistName": "Nat King Cole",
    "segment": "Previously Active Listeners"
  },
  {
    "artistName": "Calming Rain",
    "segment": "Previously Active Listeners"
  },
  {
    "artistName": "SZA Boys",
    "segment": "Previously Active Listeners"
  },
  {
    "artistName": "Hubie",
    "segment": "Light listeners"
  },
  {
    "artistName": "Hoobastank",
    "segment": "Previously Active Listeners"
  },
  {
    "artistName": "Udit Narayan",
    "segment": "Previously Active Listeners"
  },
  {
    "artistName": "MC L da Vinte",
    "segment": "Previously Active Listeners"
  },
  {
    "artistName": "TAEYANG",
    "segment": "Previously Active Listeners"
  },
  {
    "artistName": "Cults",
    "segment": "Light listeners"
  },
  {
    "artistName": "The Chainsmokers",
    "segment": "Previously Active Listeners"
  },
  {
    "artistName": "Kenya Grace",
    "segment": "Light listeners"
  },
  {
    "artistName": "Danger Mouse",
    "segment": "Previously Active Listeners"
  },
  {
    "artistName": "Shekhar Ravjiani",
    "segment": "Previously Active Listeners"
  },
  {
    "artistName": "Jaideep Sahni",
    "segment": "Previously Active Listeners"
  },
  {
    "artistName": "Grey",
    "segment": "Previously Active Listeners"
  },
  {
    "artistName": "Thomas Newman",
    "segment": "Previously Active Listeners"
  },
  {
    "artistName": "Big Sean",
    "segment": "Previously Active Listeners"
  },
  {
    "artistName": "Mac DeMarco",
    "segment": "Previously Active Listeners"
  },
  {
    "artistName": "Sameer",
    "segment": "Previously Active Listeners"
  },
  {
    "artistName": "Manoj Muntashir",
    "segment": "Previously Active Listeners"
  },
  {
    "artistName": "Linkin Park",
    "segment": "Light listeners"
  },
  {
    "artistName": "John Legend",
    "segment": "Previously Active Listeners"
  },
  {
    "artistName": "Keerthi Sagathia",
    "segment": "Previously Active Listeners"
  },
  {
    "artistName": "Seafret",
    "segment": "Previously Active Listeners"
  },
  {
    "artistName": "I DONT KNOW HOW BUT THEY FOUND ME",
    "segment": "Previously Active Listeners"
  },
  {
    "artistName": "Shawn Mendes",
    "segment": "Previously Active Listeners"
  },
  {
    "artistName": "Lothika",
    "segment": "Previously Active Listeners"
  },
  {
    "artistName": "Sukhwinder Singh",
    "segment": "Previously Active Listeners"
  },
  {
    "artistName": "Rihanna",
    "segment": "Previously Active Listeners"
  },
  {
    "artistName": "SCANDAL",
    "segment": "Previously Active Listeners"
  },
  {
    "artistName": "Badshah",
    "segment": "Previously Active Listeners"
  },
  {
    "artistName": "Kavita Krishnamurthy",
    "segment": "Previously Active Listeners"
  }
]