[
  {
    "platform" : "IPHONE",
    "searchTime" : "2024-04-28T17:39:23.672Z[UTC]",
    "searchQuery" : "diet mo",
    "searchInteractionURIs" : [
      "spotify:episode:6yEcQGeUrnrPCdIhPqLkMm"
    ]
  },
  {
    "platform" : "IPHONE_ARM64",
    "searchTime" : "2024-04-28T19:39:47.844Z[UTC]",
    "searchQuery" : "n",
    "searchInteractionURIs" : [
    ]
  },
  {
    "platform" : "IPHONE_ARM64",
    "searchTime" : "2024-04-28T19:39:49.275Z[UTC]",
    "searchQuery" : "nT",
    "searchInteractionURIs" : [
    ]
  },
  {
    "platform" : "IPHONE",
    "searchTime" : "2024-04-28T19:39:51.237Z[UTC]",
    "searchQuery" : "nature ",
    "searchInteractionURIs" : [
      "spotify:episode:5ymjs49pi3BISS5RlrFYih",
      "spotify:genre:0JQ5DAqbMKFI3pNLtYMD9S"
    ]
  },
  {
    "platform" : "IPHONE_ARM64",
    "searchTime" : "2024-04-28T19:40:15.397Z[UTC]",
    "searchQuery" : "nature as",
    "searchInteractionURIs" : [
    ]
  },
  {
    "platform" : "IPHONE",
    "searchTime" : "2024-04-28T19:40:16.363Z[UTC]",
    "searchQuery" : "nature asmr",
    "searchInteractionURIs" : [
      "spotify:episode:1grzUJ1SjGRLsilwuJaY9D",
      "spotify:playlist:6yIaahCNKWwUhq6nz3uQ47"
    ]
  },
  {
    "platform" : "IPHONE",
    "searchTime" : "2024-04-29T03:33:17.697Z[UTC]",
    "searchQuery" : "foll",
    "searchInteractionURIs" : [
      "spotify:album:1pzvBxYgT6OVwJLtHkrdQK",
      "spotify:album:2fenSS68JI1h4Fo296JfGr"
    ]
  },
  {
    "platform" : "IPHONE",
    "searchTime" : "2024-04-29T12:53:18.493Z[UTC]",
    "searchQuery" : "lauf",
    "searchInteractionURIs" : [
      "spotify:artist:7gW0r5CkdEUMm42w9XpyZO"
    ]
  },
  {
    "platform" : "IPHONE_ARM64",
    "searchTime" : "2024-04-29T13:16:54.061Z[UTC]",
    "searchQuery" : "tujh ",
    "searchInteractionURIs" : [
    ]
  },
  {
    "platform" : "IPHONE",
    "searchTime" : "2024-04-29T13:16:56.902Z[UTC]",
    "searchQuery" : "tujhe bh",
    "searchInteractionURIs" : [
      "spotify:track:4r8JqkhpTb5tzSKKHnVJIJ"
    ]
  },
  {
    "platform" : "IPHONE_ARM64",
    "searchTime" : "2024-04-29T13:19:33.276Z[UTC]",
    "searchQuery" : "interste",
    "searchInteractionURIs" : [
    ]
  },
  {
    "platform" : "IPHONE_ARM64",
    "searchTime" : "2024-04-29T13:19:34.564Z[UTC]",
    "searchQuery" : "interstella",
    "searchInteractionURIs" : [
    ]
  },
  {
    "platform" : "IPHONE",
    "searchTime" : "2024-04-29T13:19:34.882Z[UTC]",
    "searchQuery" : "interstellar",
    "searchInteractionURIs" : [
      "spotify:track:7xEX406hnVXC7mDfkts2jc"
    ]
  },
  {
    "platform" : "IPHONE",
    "searchTime" : "2024-04-29T13:22:58.245Z[UTC]",
    "searchQuery" : "mia",
    "searchInteractionURIs" : [
      "spotify:track:1Vk4yRsz0iBzDiZEoFMQyv"
    ]
  },
  {
    "platform" : "IPHONE",
    "searchTime" : "2024-04-29T13:25:41.677Z[UTC]",
    "searchQuery" : "howls",
    "searchInteractionURIs" : [
      "spotify:track:39uLYYZytVUwcjgeYLI409"
    ]
  },
  {
    "platform" : "IPHONE",
    "searchTime" : "2024-04-30T06:06:25.517Z[UTC]",
    "searchQuery" : "virtual",
    "searchInteractionURIs" : [
      "spotify:track:24SUWisv2lYQiB3bVpE1sn"
    ]
  },
  {
    "platform" : "IPHONE_ARM64",
    "searchTime" : "2024-04-30T13:43:39.694Z[UTC]",
    "searchQuery" : "t",
    "searchInteractionURIs" : [
    ]
  },
  {
    "platform" : "IPHONE",
    "searchTime" : "2024-04-30T13:43:40.534Z[UTC]",
    "searchQuery" : "tune ",
    "searchInteractionURIs" : [
      "spotify:track:0pw3p4gf5homOkvOGOJulF"
    ]
  },
  {
    "platform" : "IPHONE_ARM64",
    "searchTime" : "2024-05-01T11:30:43.919Z[UTC]",
    "searchQuery" : "it",
    "searchInteractionURIs" : [
    ]
  },
  {
    "platform" : "IPHONE",
    "searchTime" : "2024-05-01T11:30:44.421Z[UTC]",
    "searchQuery" : "it ",
    "searchInteractionURIs" : [
      "spotify:track:4wQmwPWCUn6gi11Gep2qsP"
    ]
  },
  {
    "platform" : "IPHONE",
    "searchTime" : "2024-05-01T11:31:58.633Z[UTC]",
    "searchQuery" : "khw",
    "searchInteractionURIs" : [
      "spotify:track:7GE3LwWzboPaTN0TlDcPs1"
    ]
  },
  {
    "platform" : "IPHONE",
    "searchTime" : "2024-05-01T17:55:25.178Z[UTC]",
    "searchQuery" : "dona ",
    "searchInteractionURIs" : [
      "spotify:artist:5cj0lLjcoR7YOSnhnX0Po5"
    ]
  },
  {
    "platform" : "IPHONE",
    "searchTime" : "2024-05-02T15:19:40.035Z[UTC]",
    "searchQuery" : "something go",
    "searchInteractionURIs" : [
      "spotify:track:0Fk2JzsQIhZvfm5AC0FRKG"
    ]
  },
  {
    "platform" : "IPHONE",
    "searchTime" : "2024-05-02T18:16:44.877Z[UTC]",
    "searchQuery" : "enail ",
    "searchInteractionURIs" : [
      "spotify:track:2qLyo5FeWquE7HBUbcVnEy",
      "spotify:album:2g4aJTa5ejGpp0O0GKzWAQ"
    ]
  },
  {
    "platform" : "IPHONE_ARM64",
    "searchTime" : "2024-05-02T18:27:18.135Z[UTC]",
    "searchQuery" : "v",
    "searchInteractionURIs" : [
    ]
  },
  {
    "platform" : "IPHONE",
    "searchTime" : "2024-05-02T18:27:18.714Z[UTC]",
    "searchQuery" : "vam",
    "searchInteractionURIs" : [
      "spotify:track:1kuGVB7EU95pJObxwvfwKS",
      "spotify:artist:1McMsnEElThX1knmY4oliG"
    ]
  },
  {
    "platform" : "IPHONE",
    "searchTime" : "2024-05-02T18:41:10.743Z[UTC]",
    "searchQuery" : "dance",
    "searchInteractionURIs" : [
      "spotify:playlist:37i9dQZF1EIdt7tQbR8QDN"
    ]
  },
  {
    "platform" : "IPHONE_ARM64",
    "searchTime" : "2024-05-02T18:45:55.628Z[UTC]",
    "searchQuery" : "b",
    "searchInteractionURIs" : [
    ]
  },
  {
    "platform" : "IPHONE",
    "searchTime" : "2024-05-02T18:45:56.466Z[UTC]",
    "searchQuery" : "bolly",
    "searchInteractionURIs" : [
      "spotify:playlist:2QnLDxeZMzIoCno54I9vKj"
    ]
  },
  {
    "platform" : "IPHONE",
    "searchTime" : "2024-05-02T18:49:04.346Z[UTC]",
    "searchQuery" : "vo ladki",
    "searchInteractionURIs" : [
      "spotify:track:2tO0QPdCA0jgDBshTuYYkc"
    ]
  },
  {
    "platform" : "IPHONE",
    "searchTime" : "2024-05-03T04:05:48.006Z[UTC]",
    "searchQuery" : "ba",
    "searchInteractionURIs" : [
    ]
  },
  {
    "platform" : "IPHONE_ARM64",
    "searchTime" : "2024-05-03T04:05:48.766Z[UTC]",
    "searchQuery" : "b",
    "searchInteractionURIs" : [
    ]
  },
  {
    "platform" : "IPHONE_ARM64",
    "searchTime" : "2024-05-03T05:28:43.472Z[UTC]",
    "searchQuery" : "bl",
    "searchInteractionURIs" : [
    ]
  },
  {
    "platform" : "IPHONE",
    "searchTime" : "2024-05-03T05:28:46.183Z[UTC]",
    "searchQuery" : "pinkp",
    "searchInteractionURIs" : [
      "spotify:artist:78rUTD7y6Cy67W1RVzYs7t"
    ]
  },
  {
    "platform" : "IPHONE_ARM64",
    "searchTime" : "2024-05-03T05:28:56.887Z[UTC]",
    "searchQuery" : "pai",
    "searchInteractionURIs" : [
    ]
  },
  {
    "platform" : "IPHONE",
    "searchTime" : "2024-05-04T14:05:29.545Z[UTC]",
    "searchQuery" : "folk",
    "searchInteractionURIs" : [
    ]
  },
  {
    "platform" : "IPHONE",
    "searchTime" : "2024-05-05T11:09:00.249Z[UTC]",
    "searchQuery" : "guts",
    "searchInteractionURIs" : [
      "spotify:album:1D06fz3cuob62ysTS8k6gu"
    ]
  },
  {
    "platform" : "IPHONE",
    "searchTime" : "2024-05-06T02:53:26.751Z[UTC]",
    "searchQuery" : "wpul",
    "searchInteractionURIs" : [
      "spotify:track:0aV5uARAknQgYhBaK944FP"
    ]
  },
  {
    "platform" : "IPHONE_ARM64",
    "searchTime" : "2024-05-08T06:31:08.431Z[UTC]",
    "searchQuery" : "p",
    "searchInteractionURIs" : [
    ]
  },
  {
    "platform" : "IPHONE",
    "searchTime" : "2024-05-08T06:31:08.950Z[UTC]",
    "searchQuery" : "pi",
    "searchInteractionURIs" : [
      "spotify:track:5a11x5PUFvJEadMRqtNtTr"
    ]
  },
  {
    "platform" : "IPHONE",
    "searchTime" : "2024-05-08T06:39:50.220Z[UTC]",
    "searchQuery" : "thundercat",
    "searchInteractionURIs" : [
    ]
  },
  {
    "platform" : "IPHONE",
    "searchTime" : "2024-05-08T07:25:04.568Z[UTC]",
    "searchQuery" : "l",
    "searchInteractionURIs" : [
      "spotify:track:5BsGmbPJyupA70FlD7NtbS"
    ]
  },
  {
    "platform" : "IPHONE",
    "searchTime" : "2024-05-10T08:48:11.630Z[UTC]",
    "searchQuery" : "whos af",
    "searchInteractionURIs" : [
    ]
  },
  {
    "platform" : "IPHONE",
    "searchTime" : "2024-05-10T12:27:56.948Z[UTC]",
    "searchQuery" : "kiss a",
    "searchInteractionURIs" : [
      "spotify:track:13hvHEstJ4sNbzdroPrPI3"
    ]
  },
  {
    "platform" : "IPHONE",
    "searchTime" : "2024-05-10T12:33:58.215Z[UTC]",
    "searchQuery" : "bl",
    "searchInteractionURIs" : [
      "spotify:artist:41MozSoPIsD1dJM0CLPjZF",
      "spotify:artist:41MozSoPIsD1dJM0CLPjZF",
      "spotify:track:2hloaUoRonYssMuqLCBLTX"
    ]
  },
  {
    "platform" : "IPHONE",
    "searchTime" : "2024-05-10T12:39:40.598Z[UTC]",
    "searchQuery" : "g",
    "searchInteractionURIs" : [
      "spotify:track:2gyxAWHebV7xPYVxqoi86f"
    ]
  },
  {
    "platform" : "IPHONE",
    "searchTime" : "2024-05-10T17:20:51.450Z[UTC]",
    "searchQuery" : "fanta",
    "searchInteractionURIs" : [
      "spotify:playlist:3N7JDzukpzDo4sOenl65xx"
    ]
  },
  {
    "platform" : "IPHONE",
    "searchTime" : "2024-05-10T17:23:50.490Z[UTC]",
    "searchQuery" : "es",
    "searchInteractionURIs" : [
      "spotify:track:2qSkIjg1o9h3YT9RAgYN75"
    ]
  },
  {
    "platform" : "IPHONE_ARM64",
    "searchTime" : "2024-05-13T05:07:49.634Z[UTC]",
    "searchQuery" : "every",
    "searchInteractionURIs" : [
    ]
  },
  {
    "platform" : "IPHONE",
    "searchTime" : "2024-05-13T05:07:50.170Z[UTC]",
    "searchQuery" : "everything ",
    "searchInteractionURIs" : [
      "spotify:album:0Ydm84ftyiWRGOIFkdl30L",
      "spotify:album:0Ydm84ftyiWRGOIFkdl30L"
    ]
  },
  {
    "platform" : "WIN32_X86_64",
    "searchTime" : "2024-05-15T07:36:51.770Z[UTC]",
    "searchQuery" : "tunne",
    "searchInteractionURIs" : [
    ]
  },
  {
    "platform" : "IPHONE",
    "searchTime" : "2024-05-15T11:53:38.161Z[UTC]",
    "searchQuery" : "thundercat",
    "searchInteractionURIs" : [
      "spotify:track:1c5CllrZr45UBhWpIqM332"
    ]
  },
  {
    "platform" : "IPHONE",
    "searchTime" : "2024-05-15T12:22:16.280Z[UTC]",
    "searchQuery" : "main hoon na sad",
    "searchInteractionURIs" : [
      "spotify:track:4xS7MhQnMv8ailfTUM347g"
    ]
  },
  {
    "platform" : "IPHONE",
    "searchTime" : "2024-05-15T12:27:35.475Z[UTC]",
    "searchQuery" : "rani tu ",
    "searchInteractionURIs" : [
      "spotify:track:4SLskArd5wu07l6Zd58wL3"
    ]
  },
  {
    "platform" : "IPHONE",
    "searchTime" : "2024-05-15T12:41:23.409Z[UTC]",
    "searchQuery" : "work ",
    "searchInteractionURIs" : [
      "spotify:track:72TFWvU3wUYdUuxejTTIzt"
    ]
  },
  {
    "platform" : "IPHONE",
    "searchTime" : "2024-05-15T12:41:35.444Z[UTC]",
    "searchQuery" : "work rihanna ",
    "searchInteractionURIs" : [
      "spotify:track:63OshgWbxCtI1WHb5C0Txd",
      "spotify:track:6pdgiJ7GXRsf3PWVQv13IA",
      "spotify:track:72TFWvU3wUYdUuxejTTIzt"
    ]
  },
  {
    "platform" : "IPHONE",
    "searchTime" : "2024-05-15T15:04:52.672Z[UTC]",
    "searchQuery" : "drea",
    "searchInteractionURIs" : [
      "spotify:track:1YxQxV5sKZN1TgVpXl5MLA",
      "spotify:track:1YxQxV5sKZN1TgVpXl5MLA"
    ]
  },
  {
    "platform" : "IPHONE_ARM64",
    "searchTime" : "2024-05-15T16:17:23.454Z[UTC]",
    "searchQuery" : "l",
    "searchInteractionURIs" : [
    ]
  },
  {
    "platform" : "IPHONE",
    "searchTime" : "2024-05-15T16:17:24.085Z[UTC]",
    "searchQuery" : "love",
    "searchInteractionURIs" : [
      "spotify:track:26QLJMK8G0M06sk7h7Fkse"
    ]
  },
  {
    "platform" : "IPHONE",
    "searchTime" : "2024-05-15T16:26:59.014Z[UTC]",
    "searchQuery" : "west",
    "searchInteractionURIs" : [
      "spotify:track:5Y6nVaayzitvsD5F7nr3DV"
    ]
  },
  {
    "platform" : "IPHONE_ARM64",
    "searchTime" : "2024-05-15T16:39:30.001Z[UTC]",
    "searchQuery" : "m",
    "searchInteractionURIs" : [
    ]
  },
  {
    "platform" : "IPHONE_ARM64",
    "searchTime" : "2024-05-15T16:39:30.367Z[UTC]",
    "searchQuery" : "mi",
    "searchInteractionURIs" : [
    ]
  },
  {
    "platform" : "IPHONE",
    "searchTime" : "2024-05-15T16:39:31.070Z[UTC]",
    "searchQuery" : "mit",
    "searchInteractionURIs" : [
      "spotify:artist:2uYWxilOVlUdk4oV9DvwqK"
    ]
  },
  {
    "platform" : "IPHONE",
    "searchTime" : "2024-05-16T07:39:07.498Z[UTC]",
    "searchQuery" : "youre",
    "searchInteractionURIs" : [
      "spotify:track:4D7BCuvgdJlYvlX5WlN54t"
    ]
  },
  {
    "platform" : "IPHONE",
    "searchTime" : "2024-05-16T13:06:53.596Z[UTC]",
    "searchQuery" : "es",
    "searchInteractionURIs" : [
      "spotify:track:2qSkIjg1o9h3YT9RAgYN75"
    ]
  },
  {
    "platform" : "IPHONE",
    "searchTime" : "2024-05-16T19:57:07.335Z[UTC]",
    "searchQuery" : "rain",
    "searchInteractionURIs" : [
      "spotify:track:62mFjcWGkt2OY9LT9EvxS2"
    ]
  },
  {
    "platform" : "IPHONE",
    "searchTime" : "2024-05-17T03:41:35.002Z[UTC]",
    "searchQuery" : "bored ",
    "searchInteractionURIs" : [
      "spotify:track:2SPbioo65CuUB3H0aW1ID5",
      "spotify:album:1hmlhl74JfLyUqmqtCwvFb"
    ]
  },
  {
    "platform" : "IPHONE",
    "searchTime" : "2024-05-17T07:08:00.246Z[UTC]",
    "searchQuery" : "billi",
    "searchInteractionURIs" : [
      "spotify:album:7aJuG4TFXa2hmE4z1yxc3n"
    ]
  },
  {
    "platform" : "WIN32_X86_64",
    "searchTime" : "2024-05-18T11:37:52.194Z[UTC]",
    "searchQuery" : "liked ",
    "searchInteractionURIs" : [
    ]
  },
  {
    "platform" : "WIN32_X86_64",
    "searchTime" : "2024-05-18T11:57:40.124Z[UTC]",
    "searchQuery" : "lat ",
    "searchInteractionURIs" : [
    ]
  },
  {
    "platform" : "IPHONE",
    "searchTime" : "2024-05-19T14:41:53.295Z[UTC]",
    "searchQuery" : "para",
    "searchInteractionURIs" : [
      "spotify:artist:74XFHRwlV6OrjEM0A2NCMF",
      "spotify:artist:74XFHRwlV6OrjEM0A2NCMF",
      "spotify:track:28IEbk5a7twNTbUEvWslUb"
    ]
  },
  {
    "platform" : "IPHONE_ARM64",
    "searchTime" : "2024-05-19T14:48:03.261Z[UTC]",
    "searchQuery" : "feeli",
    "searchInteractionURIs" : [
    ]
  },
  {
    "platform" : "IPHONE",
    "searchTime" : "2024-05-19T14:48:05.736Z[UTC]",
    "searchQuery" : "feeling so alone ",
    "searchInteractionURIs" : [
    ]
  },
  {
    "platform" : "IPHONE_ARM64",
    "searchTime" : "2024-05-19T14:48:26.549Z[UTC]",
    "searchQuery" : "im not a ",
    "searchInteractionURIs" : [
    ]
  },
  {
    "platform" : "IPHONE",
    "searchTime" : "2024-05-19T14:48:28.388Z[UTC]",
    "searchQuery" : "im not a perfect ",
    "searchInteractionURIs" : [
      "spotify:track:5B5eTk7DF8KVp1zpQoY1XY",
      "spotify:track:5B5eTk7DF8KVp1zpQoY1XY"
    ]
  },
  {
    "platform" : "IPHONE_ARM64",
    "searchTime" : "2024-05-19T14:52:02.633Z[UTC]",
    "searchQuery" : "oc",
    "searchInteractionURIs" : [
    ]
  },
  {
    "platform" : "IPHONE",
    "searchTime" : "2024-05-19T14:52:05.295Z[UTC]",
    "searchQuery" : "ocean av",
    "searchInteractionURIs" : [
      "spotify:track:23oxJmDc1V9uLUSmN2LIvx",
      "spotify:track:3l9CW99AHtExIRV4hW2N5m"
    ]
  },
  {
    "platform" : "IPHONE",
    "searchTime" : "2024-05-19T14:58:44.993Z[UTC]",
    "searchQuery" : "myscle ",
    "searchInteractionURIs" : [
      "spotify:track:5rupf5kRDLhhFPxH15ZmBF"
    ]
  },
  {
    "platform" : "IPHONE",
    "searchTime" : "2024-05-19T15:00:10.524Z[UTC]",
    "searchQuery" : "uno m",
    "searchInteractionURIs" : [
      "spotify:track:2nRZDoVjdDujqBgieeUsQQ"
    ]
  },
  {
    "platform" : "IPHONE",
    "searchTime" : "2024-05-20T13:40:39.348Z[UTC]",
    "searchQuery" : "lose y",
    "searchInteractionURIs" : [
      "spotify:track:7MJQ9Nfxzh8LPZ9e9u68Fq"
    ]
  },
  {
    "platform" : "IPHONE",
    "searchTime" : "2024-05-21T14:43:49.214Z[UTC]",
    "searchQuery" : "alisha",
    "searchInteractionURIs" : [
      "spotify:track:5LhYDk8wnGGeaQufZAe7ce"
    ]
  },
  {
    "platform" : "WIN32_X86_64",
    "searchTime" : "2024-05-22T09:24:07.941Z[UTC]",
    "searchQuery" : "hi",
    "searchInteractionURIs" : [
    ]
  },
  {
    "platform" : "IPHONE_ARM64",
    "searchTime" : "2024-05-22T16:25:45.285Z[UTC]",
    "searchQuery" : "h",
    "searchInteractionURIs" : [
    ]
  },
  {
    "platform" : "IPHONE",
    "searchTime" : "2024-05-22T16:25:48.632Z[UTC]",
    "searchQuery" : "how ",
    "searchInteractionURIs" : [
      "spotify:track:6bvZRLLkBKkmgpBJTTj3QK"
    ]
  },
  {
    "platform" : "IPHONE",
    "searchTime" : "2024-05-22T17:01:29.193Z[UTC]",
    "searchQuery" : "espresso ",
    "searchInteractionURIs" : [
      "spotify:album:2yIhXdfQKrzp7ENGxxI92c"
    ]
  },
  {
    "platform" : "IPHONE_ARM64",
    "searchTime" : "2024-05-23T16:17:44.624Z[UTC]",
    "searchQuery" : "a",
    "searchInteractionURIs" : [
    ]
  },
  {
    "platform" : "IPHONE",
    "searchTime" : "2024-05-23T16:17:45.748Z[UTC]",
    "searchQuery" : "abcd",
    "searchInteractionURIs" : [
    ]
  },
  {
    "platform" : "IPHONE",
    "searchTime" : "2024-05-24T14:12:25.025Z[UTC]",
    "searchQuery" : "jita ti",
    "searchInteractionURIs" : [
      "spotify:track:2tyB5vHCjgveVixv6i16xJ"
    ]
  },
  {
    "platform" : "IPHONE",
    "searchTime" : "2024-05-24T14:14:28.219Z[UTC]",
    "searchQuery" : "good",
    "searchInteractionURIs" : [
      "spotify:track:4ZtFanR9U6ndgddUvNcjcG"
    ]
  },
  {
    "platform" : "IPHONE",
    "searchTime" : "2024-05-24T14:16:43.485Z[UTC]",
    "searchQuery" : "bil",
    "searchInteractionURIs" : [
      "spotify:artist:6qqNVTkY8uBg9cP3Jd7DAH"
    ]
  },
  {
    "platform" : "IPHONE",
    "searchTime" : "2024-05-24T14:16:51.336Z[UTC]",
    "searchQuery" : "billie j",
    "searchInteractionURIs" : [
      "spotify:track:5ChkMS8OtdzJeqyybCc9R5"
    ]
  },
  {
    "platform" : "IPHONE",
    "searchTime" : "2024-05-24T15:22:44.062Z[UTC]",
    "searchQuery" : "forev",
    "searchInteractionURIs" : [
      "spotify:track:2Pp9osgyIcw6o1avfDDDhH"
    ]
  },
  {
    "platform" : "IPHONE",
    "searchTime" : "2024-05-24T15:23:30.741Z[UTC]",
    "searchQuery" : "what",
    "searchInteractionURIs" : [
      "spotify:track:3zhbXKFjUDw40pTYyCgt1Y"
    ]
  },
  {
    "platform" : "IPHONE_ARM64",
    "searchTime" : "2024-05-24T15:27:28.645Z[UTC]",
    "searchQuery" : "d",
    "searchInteractionURIs" : [
    ]
  },
  {
    "platform" : "IPHONE_ARM64",
    "searchTime" : "2024-05-24T15:27:28.896Z[UTC]",
    "searchQuery" : "do",
    "searchInteractionURIs" : [
    ]
  },
  {
    "platform" : "IPHONE",
    "searchTime" : "2024-05-24T15:27:31.342Z[UTC]",
    "searchQuery" : "dont ok",
    "searchInteractionURIs" : [
      "spotify:track:4ghGrdxwqLA6ZoCiu0u4IR"
    ]
  },
  {
    "platform" : "IPHONE",
    "searchTime" : "2024-05-24T15:32:32.316Z[UTC]",
    "searchQuery" : "are y",
    "searchInteractionURIs" : [
      "spotify:track:2AT8iROs4FQueDv2c8q2KE"
    ]
  },
  {
    "platform" : "IPHONE_ARM64",
    "searchTime" : "2024-05-25T14:34:58.582Z[UTC]",
    "searchQuery" : "f",
    "searchInteractionURIs" : [
    ]
  },
  {
    "platform" : "IPHONE",
    "searchTime" : "2024-05-25T14:34:59.399Z[UTC]",
    "searchQuery" : "feath",
    "searchInteractionURIs" : [
      "spotify:episode:4qxzyotfLW5YuaZZBa8CIV",
      "spotify:track:2qSkIjg1o9h3YT9RAgYN75"
    ]
  },
  {
    "platform" : "IPHONE",
    "searchTime" : "2024-05-25T14:43:42.584Z[UTC]",
    "searchQuery" : "get",
    "searchInteractionURIs" : [
      "spotify:track:2gyxAWHebV7xPYVxqoi86f"
    ]
  },
  {
    "platform" : "IPHONE",
    "searchTime" : "2024-05-25T14:48:16.784Z[UTC]",
    "searchQuery" : "cardigan unreleas",
    "searchInteractionURIs" : [
      "spotify:track:2hmafYGj1CXYKIYcMnX4lj",
      "spotify:playlist:6L5uCNvMPfHTzoIwgKRYwa",
      "spotify:track:4R2kfaDFhslZEMJqAFNpdd"
    ]
  },
  {
    "platform" : "WIN32_X86_64",
    "searchTime" : "2024-05-25T14:53:38.954Z[UTC]",
    "searchQuery" : "w",
    "searchInteractionURIs" : [
    ]
  },
  {
    "platform" : "WIN32_X86_64",
    "searchTime" : "2024-05-25T14:53:40.388Z[UTC]",
    "searchQuery" : "would",
    "searchInteractionURIs" : [
    ]
  },
  {
    "platform" : "WIN32_X86_64",
    "searchTime" : "2024-05-25T15:19:20.332Z[UTC]",
    "searchQuery" : "haru",
    "searchInteractionURIs" : [
    ]
  },
  {
    "platform" : "WIN32_X86_64",
    "searchTime" : "2024-05-25T15:21:15.729Z[UTC]",
    "searchQuery" : "ble",
    "searchInteractionURIs" : [
    ]
  },
  {
    "platform" : "IPHONE_ARM64",
    "searchTime" : "2024-05-25T18:12:32.017Z[UTC]",
    "searchQuery" : "abc",
    "searchInteractionURIs" : [
    ]
  },
  {
    "platform" : "IPHONE",
    "searchTime" : "2024-05-25T18:12:34.087Z[UTC]",
    "searchQuery" : "abcd",
    "searchInteractionURIs" : [
      "spotify:track:6n92iq9Kni83H6IroZ3RJJ"
    ]
  },
  {
    "platform" : "IPHONE",
    "searchTime" : "2024-05-25T18:16:57.833Z[UTC]",
    "searchQuery" : "love dose",
    "searchInteractionURIs" : [
      "spotify:track:1QZRCi2Z1DQQaR6bGAzhtN",
      "spotify:track:1QZRCi2Z1DQQaR6bGAzhtN"
    ]
  },
  {
    "platform" : "IPHONE_ARM64",
    "searchTime" : "2024-05-25T18:36:55.275Z[UTC]",
    "searchQuery" : "k",
    "searchInteractionURIs" : [
    ]
  },
  {
    "platform" : "IPHONE",
    "searchTime" : "2024-05-25T18:36:56.043Z[UTC]",
    "searchQuery" : "kamli",
    "searchInteractionURIs" : [
      "spotify:track:2QY6SJXVnBFaqxOZhC1Fuu"
    ]
  },
  {
    "platform" : "IPHONE",
    "searchTime" : "2024-05-25T18:47:48.970Z[UTC]",
    "searchQuery" : "bes",
    "searchInteractionURIs" : [
      "spotify:track:5zQR0qoA4S1Iwj2bAwW03a"
    ]
  },
  {
    "platform" : "IPHONE",
    "searchTime" : "2024-05-26T05:53:10.892Z[UTC]",
    "searchQuery" : "alisha ",
    "searchInteractionURIs" : [
      "spotify:track:5LhYDk8wnGGeaQufZAe7ce"
    ]
  },
  {
    "platform" : "IPHONE_ARM64",
    "searchTime" : "2024-05-27T14:28:50.153Z[UTC]",
    "searchQuery" : "l",
    "searchInteractionURIs" : [
    ]
  },
  {
    "platform" : "IPHONE",
    "searchTime" : "2024-05-27T14:28:51.269Z[UTC]",
    "searchQuery" : "lo",
    "searchInteractionURIs" : [
      "spotify:track:26QLJMK8G0M06sk7h7Fkse"
    ]
  },
  {
    "platform" : "IPHONE",
    "searchTime" : "2024-05-27T18:29:37.177Z[UTC]",
    "searchQuery" : "ivy",
    "searchInteractionURIs" : [
    ]
  },
  {
    "platform" : "IPHONE_ARM64",
    "searchTime" : "2024-05-28T14:38:51.770Z[UTC]",
    "searchQuery" : "da",
    "searchInteractionURIs" : [
    ]
  },
  {
    "platform" : "IPHONE",
    "searchTime" : "2024-05-28T14:38:53.589Z[UTC]",
    "searchQuery" : "darling",
    "searchInteractionURIs" : [
      "spotify:track:6z3p3Gm5FOH1n22ummzEh7"
    ]
  },
  {
    "platform" : "IPHONE",
    "searchTime" : "2024-05-28T14:39:10.606Z[UTC]",
    "searchQuery" : "aap jais",
    "searchInteractionURIs" : [
      "spotify:track:0Zq2n84Eplok8MnRE8P5hE"
    ]
  },
  {
    "platform" : "IPHONE_ARM64",
    "searchTime" : "2024-05-28T14:56:39.260Z[UTC]",
    "searchQuery" : "la",
    "searchInteractionURIs" : [
    ]
  },
  {
    "platform" : "IPHONE_ARM64",
    "searchTime" : "2024-05-28T14:56:39.511Z[UTC]",
    "searchQuery" : "lat",
    "searchInteractionURIs" : [
    ]
  },
  {
    "platform" : "IPHONE",
    "searchTime" : "2024-05-28T14:56:40.308Z[UTC]",
    "searchQuery" : "lata ",
    "searchInteractionURIs" : [
      "spotify:search:lata+mangeshkar"
    ]
  },
  {
    "platform" : "IPHONE",
    "searchTime" : "2024-05-28T14:56:41.952Z[UTC]",
    "searchQuery" : "lata mangeshkar",
    "searchInteractionURIs" : [
      "spotify:playlist:1BIBpZz7xXm2Ew7pZ5q4ps"
    ]
  },
  {
    "platform" : "IPHONE",
    "searchTime" : "2024-05-28T17:56:14.626Z[UTC]",
    "searchQuery" : "my imm",
    "searchInteractionURIs" : [
      "spotify:track:4UzVcXufOhGUwF56HT7b8M"
    ]
  },
  {
    "platform" : "IPHONE_ARM64",
    "searchTime" : "2024-05-28T18:20:21.957Z[UTC]",
    "searchQuery" : "ta",
    "searchInteractionURIs" : [
    ]
  },
  {
    "platform" : "IPHONE",
    "searchTime" : "2024-05-28T18:20:28.142Z[UTC]",
    "searchQuery" : "taken ha",
    "searchInteractionURIs" : [
      "spotify:track:1AQx5E3Qspd6Ep7dJc5JCN"
    ]
  },
  {
    "platform" : "IPHONE",
    "searchTime" : "2024-05-29T04:48:31.022Z[UTC]",
    "searchQuery" : "so high",
    "searchInteractionURIs" : [
      "spotify:track:1GP8VW5Wk2w2obkWjGCGXd"
    ]
  },
  {
    "platform" : "IPHONE",
    "searchTime" : "2024-05-29T06:09:07.484Z[UTC]",
    "searchQuery" : "family ",
    "searchInteractionURIs" : [
      "spotify:track:0iNZGC211wst3VjtobNnC5",
      "spotify:track:0iNZGC211wst3VjtobNnC5"
    ]
  },
  {
    "platform" : "IPHONE_ARM64",
    "searchTime" : "2024-05-29T09:29:33.251Z[UTC]",
    "searchQuery" : "r",
    "searchInteractionURIs" : [
    ]
  },
  {
    "platform" : "IPHONE",
    "searchTime" : "2024-05-29T09:29:34.208Z[UTC]",
    "searchQuery" : "repu",
    "searchInteractionURIs" : [
      "spotify:album:6DEjYFkNZh67HP7R9PSZvv"
    ]
  },
  {
    "platform" : "IPHONE",
    "searchTime" : "2024-05-29T09:40:17.528Z[UTC]",
    "searchQuery" : "aagar jaisi",
    "searchInteractionURIs" : [
      "spotify:track:0x6uQ4XMGrPDcYiWRZlBSq"
    ]
  },
  {
    "platform" : "IPHONE",
    "searchTime" : "2024-05-31T07:50:31.923Z[UTC]",
    "searchQuery" : "em",
    "searchInteractionURIs" : [
      "spotify:track:2qLyo5FeWquE7HBUbcVnEy"
    ]
  },
  {
    "platform" : "IPHONE",
    "searchTime" : "2024-06-01T13:40:41.179Z[UTC]",
    "searchQuery" : "wpuldve",
    "searchInteractionURIs" : [
      "spotify:track:0aV5uARAknQgYhBaK944FP"
    ]
  },
  {
    "platform" : "IPHONE",
    "searchTime" : "2024-06-01T17:45:25.458Z[UTC]",
    "searchQuery" : "not like is",
    "searchInteractionURIs" : [
      "spotify:track:6AI3ezQ4o3HUoP6Dhudph3",
      "spotify:track:6AI3ezQ4o3HUoP6Dhudph3",
      "spotify:playlist:7JHlkZQ9HZ5dgEDZCBeAsW"
    ]
  },
  {
    "platform" : "IPHONE_ARM64",
    "searchTime" : "2024-06-02T09:48:43.806Z[UTC]",
    "searchQuery" : "de",
    "searchInteractionURIs" : [
    ]
  },
  {
    "platform" : "IPHONE",
    "searchTime" : "2024-06-02T09:48:44.027Z[UTC]",
    "searchQuery" : "deli",
    "searchInteractionURIs" : [
      "spotify:track:6NFyWDv5CjfwuzoCkw47Xf"
    ]
  },
  {
    "platform" : "IPHONE",
    "searchTime" : "2024-06-02T17:57:34.910Z[UTC]",
    "searchQuery" : "family line",
    "searchInteractionURIs" : [
      "spotify:playlist:56VGDxDKGNrgB8zZEJ0wg7"
    ]
  },
  {
    "platform" : "IPHONE",
    "searchTime" : "2024-06-02T18:07:20.372Z[UTC]",
    "searchQuery" : "graci",
    "searchInteractionURIs" : [
      "spotify:track:4nyF5lmSziBAt7ESAUjpbx"
    ]
  },
  {
    "platform" : "IPHONE",
    "searchTime" : "2024-06-02T18:20:19.496Z[UTC]",
    "searchQuery" : "im the buggest",
    "searchInteractionURIs" : [
      "spotify:track:77DRzu7ERs0TX3roZcre7Q"
    ]
  },
  {
    "platform" : "IPHONE_ARM64",
    "searchTime" : "2024-06-03T14:27:54.511Z[UTC]",
    "searchQuery" : "log",
    "searchInteractionURIs" : [
    ]
  },
  {
    "platform" : "IPHONE",
    "searchTime" : "2024-06-03T14:27:54.963Z[UTC]",
    "searchQuery" : "logi",
    "searchInteractionURIs" : [
      "spotify:track:53dtP2iUMvaF28JZcHnFuU"
    ]
  },
  {
    "platform" : "IPHONE_ARM64",
    "searchTime" : "2024-06-04T18:51:48.984Z[UTC]",
    "searchQuery" : "apne ",
    "searchInteractionURIs" : [
    ]
  },
  {
    "platform" : "IPHONE",
    "searchTime" : "2024-06-04T18:51:49.615Z[UTC]",
    "searchQuery" : "apne he ",
    "searchInteractionURIs" : [
      "spotify:track:5JCDVLwteSXuwVqjCa7SwH"
    ]
  },
  {
    "platform" : "IPHONE",
    "searchTime" : "2024-06-04T18:54:32.222Z[UTC]",
    "searchQuery" : "nah",
    "searchInteractionURIs" : [
      "spotify:track:5s9Kd33ExIhpe1JJSj5zLZ"
    ]
  },
  {
    "platform" : "IPHONE",
    "searchTime" : "2024-06-04T18:58:31.229Z[UTC]",
    "searchQuery" : "navr",
    "searchInteractionURIs" : [
      "spotify:playlist:3MSEl9yX7TaJfunflYz1tQ",
      "spotify:track:3b8USdQmDl0wXzrDaHxQYY"
    ]
  },
  {
    "platform" : "IPHONE",
    "searchTime" : "2024-06-04T19:01:56.567Z[UTC]",
    "searchQuery" : "suniahi",
    "searchInteractionURIs" : [
      "spotify:artist:3eDT9fwXKuHWFvgZaaYC5v",
      "spotify:playlist:6E2VKRbriKE5zBBgt2CWiw"
    ]
  },
  {
    "platform" : "IPHONE",
    "searchTime" : "2024-06-04T19:08:08.648Z[UTC]",
    "searchQuery" : "jhall",
    "searchInteractionURIs" : [
      "spotify:track:1y8Ck6jFOyxNC59SrQJIn6"
    ]
  },
  {
    "platform" : "IPHONE_ARM64",
    "searchTime" : "2024-06-04T19:18:53.846Z[UTC]",
    "searchQuery" : "mere d",
    "searchInteractionURIs" : [
    ]
  },
  {
    "platform" : "IPHONE",
    "searchTime" : "2024-06-04T19:18:54.250Z[UTC]",
    "searchQuery" : "mere dh",
    "searchInteractionURIs" : [
      "spotify:track:2R4zzmPXIFuBH0BqdWDkfC"
    ]
  },
  {
    "platform" : "IPHONE",
    "searchTime" : "2024-06-04T20:38:21.180Z[UTC]",
    "searchQuery" : "rain",
    "searchInteractionURIs" : [
    ]
  },
  {
    "platform" : "IPHONE",
    "searchTime" : "2024-06-07T12:24:05.748Z[UTC]",
    "searchQuery" : "bea",
    "searchInteractionURIs" : [
      "spotify:artist:35l9BRT7MXmM8bv2WDQiyB"
    ]
  },
  {
    "platform" : "IPHONE_ARM64",
    "searchTime" : "2024-06-07T21:17:01.353Z[UTC]",
    "searchQuery" : "s",
    "searchInteractionURIs" : [
    ]
  },
  {
    "platform" : "IPHONE",
    "searchTime" : "2024-06-07T21:17:06.621Z[UTC]",
    "searchQuery" : "i miss ",
    "searchInteractionURIs" : [
      "spotify:track:22bPsP2jCgbLUvh82U0Z3M"
    ]
  },
  {
    "platform" : "IPHONE",
    "searchTime" : "2024-06-08T07:10:07.242Z[UTC]",
    "searchQuery" : "in p",
    "searchInteractionURIs" : [
      "spotify:track:0bt6PVHT4Z4AfZLOpGtVi2"
    ]
  },
  {
    "platform" : "IPHONE",
    "searchTime" : "2024-06-08T07:12:49.504Z[UTC]",
    "searchQuery" : "new d",
    "searchInteractionURIs" : [
      "spotify:track:6Wx88Mv6b9ofjKMKkdwOJd"
    ]
  },
  {
    "platform" : "IPHONE",
    "searchTime" : "2024-06-08T07:27:06.224Z[UTC]",
    "searchQuery" : "fanta",
    "searchInteractionURIs" : [
      "spotify:playlist:3N7JDzukpzDo4sOenl65xx"
    ]
  },
  {
    "platform" : "IPHONE_ARM64",
    "searchTime" : "2024-06-08T07:30:49.029Z[UTC]",
    "searchQuery" : "wh",
    "searchInteractionURIs" : [
    ]
  },
  {
    "platform" : "IPHONE_ARM64",
    "searchTime" : "2024-06-08T07:30:50.287Z[UTC]",
    "searchQuery" : "what a ",
    "searchInteractionURIs" : [
    ]
  },
  {
    "platform" : "IPHONE",
    "searchTime" : "2024-06-08T07:30:51.022Z[UTC]",
    "searchQuery" : "what a s",
    "searchInteractionURIs" : [
      "spotify:track:7FGIEAVXfegxngH9Jg6VwA"
    ]
  },
  {
    "platform" : "IPHONE_ARM64",
    "searchTime" : "2024-06-10T06:07:19.142Z[UTC]",
    "searchQuery" : "gu",
    "searchInteractionURIs" : [
    ]
  },
  {
    "platform" : "IPHONE",
    "searchTime" : "2024-06-10T06:07:19.565Z[UTC]",
    "searchQuery" : "guts",
    "searchInteractionURIs" : [
      "spotify:album:1D06fz3cuob62ysTS8k6gu"
    ]
  },
  {
    "platform" : "IPHONE_ARM64",
    "searchTime" : "2024-06-10T06:08:59.341Z[UTC]",
    "searchQuery" : "l",
    "searchInteractionURIs" : [
    ]
  },
  {
    "platform" : "IPHONE",
    "searchTime" : "2024-06-10T06:09:00.664Z[UTC]",
    "searchQuery" : "lauf",
    "searchInteractionURIs" : [
      "spotify:artist:7gW0r5CkdEUMm42w9XpyZO"
    ]
  },
  {
    "platform" : "IPHONE",
    "searchTime" : "2024-06-10T08:16:23.819Z[UTC]",
    "searchQuery" : "maria mar",
    "searchInteractionURIs" : [
      "spotify:track:68R32667rUVTo8ldDkOXyR"
    ]
  },
  {
    "platform" : "IPHONE",
    "searchTime" : "2024-06-10T08:21:44.965Z[UTC]",
    "searchQuery" : "please",
    "searchInteractionURIs" : [
      "spotify:track:5N3hjp1WNayUPZrA8kJmJP"
    ]
  },
  {
    "platform" : "IPHONE_ARM64",
    "searchTime" : "2024-06-10T09:07:27.158Z[UTC]",
    "searchQuery" : "t",
    "searchInteractionURIs" : [
    ]
  },
  {
    "platform" : "IPHONE",
    "searchTime" : "2024-06-10T09:07:29.194Z[UTC]",
    "searchQuery" : "the str",
    "searchInteractionURIs" : [
      "spotify:artist:0epOFNiUfyON9EYx7Tpr6V"
    ]
  },
  {
    "platform" : "IPHONE_ARM64",
    "searchTime" : "2024-06-10T09:07:42.798Z[UTC]",
    "searchQuery" : "paramore someda",
    "searchInteractionURIs" : [
    ]
  },
  {
    "platform" : "IPHONE_ARM64",
    "searchTime" : "2024-06-12T04:25:34.296Z[UTC]",
    "searchQuery" : "ill do",
    "searchInteractionURIs" : [
    ]
  },
  {
    "platform" : "IPHONE",
    "searchTime" : "2024-06-12T04:25:51.672Z[UTC]",
    "searchQuery" : "ill do anything julian",
    "searchInteractionURIs" : [
      "spotify:artist:1rAv1GhTQ2rmG94p9lU3rB",
      "spotify:artist:1rAv1GhTQ2rmG94p9lU3rB"
    ]
  },
  {
    "platform" : "IPHONE",
    "searchTime" : "2024-06-12T04:29:55.391Z[UTC]",
    "searchQuery" : "the vo",
    "searchInteractionURIs" : [
      "spotify:artist:4nUBBtLtzqZGpdiynTJbYJ"
    ]
  },
  {
    "platform" : "IPHONE",
    "searchTime" : "2024-06-12T05:03:57.580Z[UTC]",
    "searchQuery" : "cinna",
    "searchInteractionURIs" : [
      "spotify:track:2mdEsXPu8ZmkHRRtAdC09e"
    ]
  },
  {
    "platform" : "IPHONE",
    "searchTime" : "2024-06-12T05:22:34.184Z[UTC]",
    "searchQuery" : "arct",
    "searchInteractionURIs" : [
      "spotify:artist:7Ln80lUS6He07XvHI8qqHH"
    ]
  },
  {
    "platform" : "IPHONE",
    "searchTime" : "2024-06-13T18:12:21.406Z[UTC]",
    "searchQuery" : "lov",
    "searchInteractionURIs" : [
      "spotify:track:26QLJMK8G0M06sk7h7Fkse",
      "spotify:track:3zhbXKFjUDw40pTYyCgt1Y"
    ]
  },
  {
    "platform" : "IPHONE_ARM64",
    "searchTime" : "2024-06-13T18:18:08.569Z[UTC]",
    "searchQuery" : "n",
    "searchInteractionURIs" : [
    ]
  },
  {
    "platform" : "IPHONE",
    "searchTime" : "2024-06-13T18:18:09.413Z[UTC]",
    "searchQuery" : "nadty",
    "searchInteractionURIs" : [
      "spotify:track:6NjWCIYu1W8xa3HIvcIhd4",
      "spotify:track:09gysnJpfQ3ublBmJDfcEC"
    ]
  },
  {
    "platform" : "IPHONE",
    "searchTime" : "2024-06-13T18:21:02.008Z[UTC]",
    "searchQuery" : "money",
    "searchInteractionURIs" : [
      "spotify:track:45OX2jjEw1l7lOFJfDP9fv"
    ]
  },
  {
    "platform" : "IPHONE",
    "searchTime" : "2024-06-13T18:48:56.314Z[UTC]",
    "searchQuery" : "something big ",
    "searchInteractionURIs" : [
      "spotify:track:2Zukohv1kW91bY2OUIXSct"
    ]
  },
  {
    "platform" : "IPHONE_ARM64",
    "searchTime" : "2024-06-15T12:27:32.538Z[UTC]",
    "searchQuery" : "f",
    "searchInteractionURIs" : [
    ]
  },
  {
    "platform" : "IPHONE",
    "searchTime" : "2024-06-15T12:27:33.646Z[UTC]",
    "searchQuery" : "famou",
    "searchInteractionURIs" : [
      "spotify:track:19a3JfW8BQwqHWUMbcqSx8",
      "spotify:album:4SZko61aMnmgvNhfhgTuD3"
    ]
  },
  {
    "platform" : "IPHONE",
    "searchTime" : "2024-06-15T12:38:41.109Z[UTC]",
    "searchQuery" : "lip glo",
    "searchInteractionURIs" : [
      "spotify:track:1Y4ZdPOOgCUhBcKZOrUFiS"
    ]
  },
  {
    "platform" : "IPHONE",
    "searchTime" : "2024-06-15T12:38:49.845Z[UTC]",
    "searchQuery" : "drama wuee",
    "searchInteractionURIs" : [
      "spotify:track:7xxxQG1BupSnOBo4qId9kl"
    ]
  },
  {
    "platform" : "IPHONE",
    "searchTime" : "2024-06-15T12:41:32.167Z[UTC]",
    "searchQuery" : "22",
    "searchInteractionURIs" : [
      "spotify:track:3WC5CVAahvn98hiseoIvbw",
      "spotify:track:3WC5CVAahvn98hiseoIvbw",
      "spotify:track:3WC5CVAahvn98hiseoIvbw"
    ]
  },
  {
    "platform" : "IPHONE",
    "searchTime" : "2024-06-22T17:56:45.739Z[UTC]",
    "searchQuery" : "as uf",
    "searchInteractionURIs" : [
      "spotify:track:4ZxOuNHhpyOj4gv52MtQpT"
    ]
  },
  {
    "platform" : "IPHONE",
    "searchTime" : "2024-06-23T11:04:31.224Z[UTC]",
    "searchQuery" : "dont ",
    "searchInteractionURIs" : [
      "spotify:track:4ghGrdxwqLA6ZoCiu0u4IR",
      "spotify:track:1R0a2iXumgCiFb7HEZ7gUE",
      "spotify:album:6DEjYFkNZh67HP7R9PSZvv"
    ]
  },
  {
    "platform" : "IPHONE",
    "searchTime" : "2024-06-23T11:12:42.795Z[UTC]",
    "searchQuery" : "wpul",
    "searchInteractionURIs" : [
      "spotify:track:0aV5uARAknQgYhBaK944FP"
    ]
  },
  {
    "platform" : "IPHONE",
    "searchTime" : "2024-06-23T11:18:53.791Z[UTC]",
    "searchQuery" : "lau",
    "searchInteractionURIs" : [
      "spotify:artist:7gW0r5CkdEUMm42w9XpyZO"
    ]
  },
  {
    "platform" : "IPHONE",
    "searchTime" : "2024-06-28T08:12:48.013Z[UTC]",
    "searchQuery" : "close ",
    "searchInteractionURIs" : [
      "spotify:track:2bl81llf715VEEbAx03yvB"
    ]
  },
  {
    "platform" : "IPHONE_ARM64",
    "searchTime" : "2024-06-28T14:28:43.833Z[UTC]",
    "searchQuery" : "feath",
    "searchInteractionURIs" : [
    ]
  },
  {
    "platform" : "IPHONE",
    "searchTime" : "2024-06-28T14:28:50.182Z[UTC]",
    "searchQuery" : "feather live ",
    "searchInteractionURIs" : [
      "spotify:episode:4qxzyotfLW5YuaZZBa8CIV",
      "spotify:track:2Zo1PcszsT9WQ0ANntJbID"
    ]
  },
  {
    "platform" : "IPHONE",
    "searchTime" : "2024-06-30T14:43:41.318Z[UTC]",
    "searchQuery" : "chi",
    "searchInteractionURIs" : [
      "spotify:track:7BRD7x5pt8Lqa1eGYC4dzj"
    ]
  },
  {
    "platform" : "IPHONE",
    "searchTime" : "2024-06-30T14:51:57.908Z[UTC]",
    "searchQuery" : "gwt ",
    "searchInteractionURIs" : [
      "spotify:track:2gyxAWHebV7xPYVxqoi86f"
    ]
  },
  {
    "platform" : "IPHONE",
    "searchTime" : "2024-06-30T14:52:05.898Z[UTC]",
    "searchQuery" : "bad i",
    "searchInteractionURIs" : [
      "spotify:track:3IX0yuEVvDbnqUwMBB3ouC",
      "spotify:album:1D06fz3cuob62ysTS8k6gu"
    ]
  },
  {
    "platform" : "IPHONE_ARM64",
    "searchTime" : "2024-06-30T15:02:59.751Z[UTC]",
    "searchQuery" : "l",
    "searchInteractionURIs" : [
    ]
  },
  {
    "platform" : "IPHONE",
    "searchTime" : "2024-06-30T15:03:00.602Z[UTC]",
    "searchQuery" : "lauf",
    "searchInteractionURIs" : [
      "spotify:artist:7gW0r5CkdEUMm42w9XpyZO",
      "spotify:playlist:2WuktREsBdxdmHAC3RlsDg"
    ]
  },
  {
    "platform" : "IPHONE",
    "searchTime" : "2024-06-30T15:14:30.315Z[UTC]",
    "searchQuery" : "the str",
    "searchInteractionURIs" : [
    ]
  },
  {
    "platform" : "IPHONE",
    "searchTime" : "2024-06-30T15:14:33.614Z[UTC]",
    "searchQuery" : "arc",
    "searchInteractionURIs" : [
      "spotify:artist:7Ln80lUS6He07XvHI8qqHH"
    ]
  },
  {
    "platform" : "IPHONE",
    "searchTime" : "2024-06-30T16:49:16.954Z[UTC]",
    "searchQuery" : "hi",
    "searchInteractionURIs" : [
      "spotify:track:1GP8VW5Wk2w2obkWjGCGXd"
    ]
  },
  {
    "platform" : "IPHONE",
    "searchTime" : "2024-06-30T17:01:36.205Z[UTC]",
    "searchQuery" : "diet",
    "searchInteractionURIs" : [
      "spotify:playlist:2JONtbRoZrAssmbtM9fv0Z",
      "spotify:track:5Y6nVaayzitvsD5F7nr3DV"
    ]
  },
  {
    "platform" : "IPHONE",
    "searchTime" : "2024-06-30T17:05:37.813Z[UTC]",
    "searchQuery" : "mistyy",
    "searchInteractionURIs" : [
      "spotify:track:5oEJyOsT68BDRwLoQQJl6W"
    ]
  },
  {
    "platform" : "IPHONE",
    "searchTime" : "2024-06-30T17:06:13.648Z[UTC]",
    "searchQuery" : "goddess",
    "searchInteractionURIs" : [
      "spotify:album:1hmlhl74JfLyUqmqtCwvFb"
    ]
  },
  {
    "platform" : "IPHONE",
    "searchTime" : "2024-06-30T17:08:06.123Z[UTC]",
    "searchQuery" : "nasty",
    "searchInteractionURIs" : [
      "spotify:track:6NjWCIYu1W8xa3HIvcIhd4",
      "spotify:track:5N3hjp1WNayUPZrA8kJmJP",
      "spotify:playlist:0RDn6NrSFkhVPVCKPL56oy"
    ]
  },
  {
    "platform" : "IPHONE",
    "searchTime" : "2024-06-30T17:18:03.174Z[UTC]",
    "searchQuery" : "firewo",
    "searchInteractionURIs" : [
      "spotify:track:1mXuMM6zjPgjL4asbBsgnt"
    ]
  },
  {
    "platform" : "IPHONE_ARM64",
    "searchTime" : "2024-06-30T17:24:49.928Z[UTC]",
    "searchQuery" : "fid",
    "searchInteractionURIs" : [
    ]
  },
  {
    "platform" : "IPHONE",
    "searchTime" : "2024-06-30T17:24:51.495Z[UTC]",
    "searchQuery" : "fifa",
    "searchInteractionURIs" : [
      "spotify:playlist:6ApRzmn6scSxSiToISD00K"
    ]
  },
  {
    "platform" : "IPHONE",
    "searchTime" : "2024-07-03T14:55:12.417Z[UTC]",
    "searchQuery" : "still",
    "searchInteractionURIs" : [
      "spotify:track:1yjY7rpaAQvKwpdUliHx0d"
    ]
  },
  {
    "platform" : "IPHONE",
    "searchTime" : "2024-07-03T14:58:55.745Z[UTC]",
    "searchQuery" : "bored",
    "searchInteractionURIs" : [
      "spotify:track:2SPbioo65CuUB3H0aW1ID5"
    ]
  },
  {
    "platform" : "IPHONE_ARM64",
    "searchTime" : "2024-07-03T16:18:00.073Z[UTC]",
    "searchQuery" : "ka",
    "searchInteractionURIs" : [
    ]
  },
  {
    "platform" : "IPHONE",
    "searchTime" : "2024-07-03T16:18:01.439Z[UTC]",
    "searchQuery" : "kam",
    "searchInteractionURIs" : [
      "spotify:track:2QY6SJXVnBFaqxOZhC1Fuu"
    ]
  },
  {
    "platform" : "IPHONE",
    "searchTime" : "2024-07-03T16:23:10.864Z[UTC]",
    "searchQuery" : "atheta",
    "searchInteractionURIs" : [
      "spotify:track:6rqTxrlx0TuaNMyVkDcxqh"
    ]
  },
  {
    "platform" : "IPHONE",
    "searchTime" : "2024-07-03T17:10:05.242Z[UTC]",
    "searchQuery" : "moh m",
    "searchInteractionURIs" : [
      "spotify:track:7uubRr0u9Zxc1Y84hEn7Xf"
    ]
  },
  {
    "platform" : "WIN32_X86_64",
    "searchTime" : "2024-07-05T07:34:56.411Z[UTC]",
    "searchQuery" : "logi",
    "searchInteractionURIs" : [
    ]
  },
  {
    "platform" : "WIN32_X86_64",
    "searchTime" : "2024-07-05T11:33:58.733Z[UTC]",
    "searchQuery" : "mog ",
    "searchInteractionURIs" : [
    ]
  },
  {
    "platform" : "IPHONE",
    "searchTime" : "2024-07-05T19:03:01.199Z[UTC]",
    "searchQuery" : "kamli ",
    "searchInteractionURIs" : [
    ]
  },
  {
    "platform" : "IPHONE",
    "searchTime" : "2024-07-05T19:03:10.961Z[UTC]",
    "searchQuery" : "dance songs",
    "searchInteractionURIs" : [
      "spotify:playlist:34KCFSmH01yeaRo9JgEUFl",
      "spotify:playlist:693upujRZBq6WNH30wwFvT"
    ]
  },
  {
    "platform" : "IPHONE",
    "searchTime" : "2024-07-05T19:28:28.832Z[UTC]",
    "searchQuery" : "aolo",
    "searchInteractionURIs" : [
      "spotify:track:1R0hxCA5R7z5TiaXBZR7Mf"
    ]
  },
  {
    "platform" : "IPHONE",
    "searchTime" : "2024-07-06T08:37:55.520Z[UTC]",
    "searchQuery" : "logi",
    "searchInteractionURIs" : [
      "spotify:track:53dtP2iUMvaF28JZcHnFuU"
    ]
  },
  {
    "platform" : "IPHONE",
    "searchTime" : "2024-07-06T08:41:39.645Z[UTC]",
    "searchQuery" : "l",
    "searchInteractionURIs" : [
      "spotify:artist:7gW0r5CkdEUMm42w9XpyZO"
    ]
  },
  {
    "platform" : "IPHONE_ARM64",
    "searchTime" : "2024-07-07T16:11:08.423Z[UTC]",
    "searchQuery" : "g",
    "searchInteractionURIs" : [
    ]
  },
  {
    "platform" : "IPHONE",
    "searchTime" : "2024-07-07T16:11:09.191Z[UTC]",
    "searchQuery" : "godd",
    "searchInteractionURIs" : [
      "spotify:track:4R3AU2pjv8ge2siX1fVbZs",
      "spotify:album:1hmlhl74JfLyUqmqtCwvFb"
    ]
  },
  {
    "platform" : "IPHONE_ARM64",
    "searchTime" : "2024-07-09T08:28:56.929Z[UTC]",
    "searchQuery" : "d",
    "searchInteractionURIs" : [
    ]
  },
  {
    "platform" : "IPHONE",
    "searchTime" : "2024-07-09T08:29:00.297Z[UTC]",
    "searchQuery" : "dilemma",
    "searchInteractionURIs" : [
      "spotify:track:0ARK753YaiJbpLUk7z5yIM"
    ]
  },
  {
    "platform" : "IPHONE",
    "searchTime" : "2024-07-09T08:32:00.147Z[UTC]",
    "searchQuery" : "sure th",
    "searchInteractionURIs" : [
      "spotify:track:559SdaPI7mqy9IQiscuaMj"
    ]
  },
  {
    "platform" : "IPHONE",
    "searchTime" : "2024-07-09T08:32:01.724Z[UTC]",
    "searchQuery" : "sure thing ",
    "searchInteractionURIs" : [
      "spotify:playlist:0V1NoyqQIi30ZQw5st0i2c",
      "spotify:track:2VOZniNxFIDl8ydLltrMNb"
    ]
  },
  {
    "platform" : "IPHONE",
    "searchTime" : "2024-07-09T08:51:58.819Z[UTC]",
    "searchQuery" : "in p",
    "searchInteractionURIs" : [
      "spotify:track:0bt6PVHT4Z4AfZLOpGtVi2"
    ]
  },
  {
    "platform" : "IPHONE",
    "searchTime" : "2024-07-09T17:23:43.830Z[UTC]",
    "searchQuery" : "f",
    "searchInteractionURIs" : [
      "spotify:track:2WkrEyLzATbOK8U3xt8Ggq",
      "spotify:album:1pzvBxYgT6OVwJLtHkrdQK"
    ]
  },
  {
    "platform" : "IPHONE",
    "searchTime" : "2024-07-10T12:39:23.687Z[UTC]",
    "searchQuery" : "obliv",
    "searchInteractionURIs" : [
      "spotify:track:6y4ySPeb68KGoAi1dk130F"
    ]
  },
  {
    "platform" : "IPHONE",
    "searchTime" : "2024-07-11T16:19:28.381Z[UTC]",
    "searchQuery" : "that should be me",
    "searchInteractionURIs" : [
      "spotify:track:0aPZbnkMoWJaJ5CNVLCj8S"
    ]
  },
  {
    "platform" : "IPHONE_ARM64",
    "searchTime" : "2024-07-11T17:02:42.385Z[UTC]",
    "searchQuery" : "b",
    "searchInteractionURIs" : [
    ]
  },
  {
    "platform" : "IPHONE",
    "searchTime" : "2024-07-11T17:02:43.450Z[UTC]",
    "searchQuery" : "baby ",
    "searchInteractionURIs" : [
      "spotify:track:6epn3r7S14KUqlReYr77hA"
    ]
  },
  {
    "platform" : "IPHONE",
    "searchTime" : "2024-07-11T17:09:46.043Z[UTC]",
    "searchQuery" : "maroo",
    "searchInteractionURIs" : [
      "spotify:artist:04gDigrS5kc9YWfZHwBETP",
      "spotify:track:3eX0NZfLtGzoLUxPNvRfqm"
    ]
  },
  {
    "platform" : "IPHONE",
    "searchTime" : "2024-07-11T17:22:06.889Z[UTC]",
    "searchQuery" : "the way",
    "searchInteractionURIs" : [
      "spotify:track:22bPsP2jCgbLUvh82U0Z3M"
    ]
  },
  {
    "platform" : "IPHONE",
    "searchTime" : "2024-07-13T06:52:55.944Z[UTC]",
    "searchQuery" : "cardig",
    "searchInteractionURIs" : [
      "spotify:track:4R2kfaDFhslZEMJqAFNpdd"
    ]
  },
  {
    "platform" : "IPHONE",
    "searchTime" : "2024-07-13T07:59:25.069Z[UTC]",
    "searchQuery" : "justin",
    "searchInteractionURIs" : [
      "spotify:artist:1uNFoZAHBGtllmzznpCI3s"
    ]
  },
  {
    "platform" : "IPHONE",
    "searchTime" : "2024-07-13T08:00:23.769Z[UTC]",
    "searchQuery" : "eenie",
    "searchInteractionURIs" : [
      "spotify:track:4vVTI94F9uJ8lHNDWKv0i2",
      "spotify:playlist:37i9dQZF1DX2KwEtNSejGe"
    ]
  },
  {
    "platform" : "IPHONE_ARM64",
    "searchTime" : "2024-07-13T08:16:35.070Z[UTC]",
    "searchQuery" : "s",
    "searchInteractionURIs" : [
    ]
  },
  {
    "platform" : "IPHONE",
    "searchTime" : "2024-07-13T08:16:36.013Z[UTC]",
    "searchQuery" : "sele",
    "searchInteractionURIs" : [
      "spotify:artist:0C8ZW7ezQVs4URX5aX7Kqx"
    ]
  },
  {
    "platform" : "IPHONE",
    "searchTime" : "2024-07-13T08:19:57.847Z[UTC]",
    "searchQuery" : "mush",
    "searchInteractionURIs" : [
      "spotify:track:6DEhBd4RGr8MbSAtSNNtai"
    ]
  },
  {
    "platform" : "IPHONE_ARM64",
    "searchTime" : "2024-07-13T08:23:40.381Z[UTC]",
    "searchQuery" : "la",
    "searchInteractionURIs" : [
    ]
  },
  {
    "platform" : "IPHONE",
    "searchTime" : "2024-07-13T08:23:40.581Z[UTC]",
    "searchQuery" : "lau",
    "searchInteractionURIs" : [
      "spotify:artist:7gW0r5CkdEUMm42w9XpyZO"
    ]
  },
  {
    "platform" : "IPHONE",
    "searchTime" : "2024-07-13T15:05:39.786Z[UTC]",
    "searchQuery" : "best",
    "searchInteractionURIs" : [
      "spotify:track:5zQR0qoA4S1Iwj2bAwW03a"
    ]
  },
  {
    "platform" : "IPHONE",
    "searchTime" : "2024-07-13T17:57:37.833Z[UTC]",
    "searchQuery" : "stay bl",
    "searchInteractionURIs" : [
      "spotify:track:3tP6QKbXvtrxiDI7QwKyUf"
    ]
  },
  {
    "platform" : "IPHONE",
    "searchTime" : "2024-07-13T18:01:32.137Z[UTC]",
    "searchQuery" : "pluto",
    "searchInteractionURIs" : [
      "spotify:track:4EWBhKf1fOFnyMtUzACXEc"
    ]
  },
  {
    "platform" : "IPHONE",
    "searchTime" : "2024-07-13T18:01:36.858Z[UTC]",
    "searchQuery" : "pluto ",
    "searchInteractionURIs" : [
      "spotify:playlist:5Nd5ITYavDXkFgeGyZoE6w"
    ]
  },
  {
    "platform" : "IPHONE_ARM64",
    "searchTime" : "2024-07-13T18:09:53.312Z[UTC]",
    "searchQuery" : "so",
    "searchInteractionURIs" : [
    ]
  },
  {
    "platform" : "IPHONE_ARM64",
    "searchTime" : "2024-07-13T18:09:53.778Z[UTC]",
    "searchQuery" : "so",
    "searchInteractionURIs" : [
    ]
  },
  {
    "platform" : "IPHONE",
    "searchTime" : "2024-07-13T18:09:54.560Z[UTC]",
    "searchQuery" : "so l",
    "searchInteractionURIs" : [
      "spotify:track:3Vevii7qKqrmW8CcyzBHDl"
    ]
  },
  {
    "platform" : "IPHONE",
    "searchTime" : "2024-07-14T05:58:56.117Z[UTC]",
    "searchQuery" : "kanye",
    "searchInteractionURIs" : [
      "spotify:artist:5K4W6rqBFWDnAN6FQUkS6x",
      "spotify:playlist:7HpRkDGgdyu5GHF1XicAl1"
    ]
  },
  {
    "platform" : "IPHONE",
    "searchTime" : "2024-07-14T10:54:10.420Z[UTC]",
    "searchQuery" : "olivia un",
    "searchInteractionURIs" : [
      "spotify:playlist:0CI817fkCe97C7jLu6uyxj"
    ]
  },
  {
    "platform" : "IPHONE",
    "searchTime" : "2024-07-14T17:43:54.655Z[UTC]",
    "searchQuery" : "old justin",
    "searchInteractionURIs" : [
      "spotify:playlist:3005dAwaKrecXQTVo1K8C6",
      "spotify:playlist:1qPKw7RQclKunSEXo9YYu2"
    ]
  },
  {
    "platform" : "IPHONE",
    "searchTime" : "2024-07-14T17:51:37.654Z[UTC]",
    "searchQuery" : "so lo",
    "searchInteractionURIs" : [
      "spotify:track:3Vevii7qKqrmW8CcyzBHDl",
      "spotify:track:3CWq0pAKKTWb0K4yiglDc4"
    ]
  },
  {
    "platform" : "IPHONE",
    "searchTime" : "2024-07-14T18:10:05.030Z[UTC]",
    "searchQuery" : "taki ",
    "searchInteractionURIs" : [
      "spotify:track:4w8niZpiMy6qz1mntFA5uM"
    ]
  },
  {
    "platform" : "IPHONE_ARM64",
    "searchTime" : "2024-07-15T16:48:17.249Z[UTC]",
    "searchQuery" : "b",
    "searchInteractionURIs" : [
    ]
  },
  {
    "platform" : "IPHONE_ARM64",
    "searchTime" : "2024-07-15T16:48:18.368Z[UTC]",
    "searchQuery" : "nobk",
    "searchInteractionURIs" : [
    ]
  },
  {
    "platform" : "IPHONE",
    "searchTime" : "2024-07-15T16:48:19.351Z[UTC]",
    "searchQuery" : "nob",
    "searchInteractionURIs" : [
      "spotify:track:2P5yIMu2DNeMXTyOANKS6k",
      "spotify:track:5Y35SjAfXjjG0sFQ3KOxmm"
    ]
  },
  {
    "platform" : "IPHONE",
    "searchTime" : "2024-07-17T23:00:56.202Z[UTC]",
    "searchQuery" : "cant catvh",
    "searchInteractionURIs" : [
      "spotify:track:56xHMIfQPoe0prrSi3BGhf"
    ]
  },
  {
    "platform" : "IPHONE",
    "searchTime" : "2024-07-18T12:55:11.880Z[UTC]",
    "searchQuery" : "oliv",
    "searchInteractionURIs" : [
      "spotify:artist:1McMsnEElThX1knmY4oliG"
    ]
  },
  {
    "platform" : "IPHONE",
    "searchTime" : "2024-07-19T17:20:44.715Z[UTC]",
    "searchQuery" : "would've ",
    "searchInteractionURIs" : [
      "spotify:track:0aV5uARAknQgYhBaK944FP"
    ]
  },
  {
    "platform" : "IPHONE",
    "searchTime" : "2024-07-19T17:38:04Z[UTC]",
    "searchQuery" : "roses vio",
    "searchInteractionURIs" : [
      "spotify:track:7DCKlgZuZcljJSlvt8vsZa"
    ]
  },
  {
    "platform" : "IPHONE",
    "searchTime" : "2024-07-20T07:37:00.034Z[UTC]",
    "searchQuery" : "low",
    "searchInteractionURIs" : [
      "spotify:track:2GAhgAjOhEmItWLfgisyOn"
    ]
  },
  {
    "platform" : "IPHONE",
    "searchTime" : "2024-07-20T08:26:43.584Z[UTC]",
    "searchQuery" : "off to",
    "searchInteractionURIs" : [
      "spotify:track:3uUCgL0cbSd0isnqhHCm1f"
    ]
  },
  {
    "platform" : "IPHONE",
    "searchTime" : "2024-07-20T12:27:19.144Z[UTC]",
    "searchQuery" : "it ",
    "searchInteractionURIs" : [
      "spotify:track:4wQmwPWCUn6gi11Gep2qsP"
    ]
  },
  {
    "platform" : "IPHONE",
    "searchTime" : "2024-07-20T17:29:02.242Z[UTC]",
    "searchQuery" : "ws",
    "searchInteractionURIs" : [
      "spotify:track:2qSkIjg1o9h3YT9RAgYN75"
    ]
  },
  {
    "platform" : "IPHONE",
    "searchTime" : "2024-07-20T17:38:43.939Z[UTC]",
    "searchQuery" : "good",
    "searchInteractionURIs" : [
      "spotify:track:0WbMK4wrZ1wFSty9F7FCgu",
      "spotify:track:0WbMK4wrZ1wFSty9F7FCgu"
    ]
  },
  {
    "platform" : "IPHONE_ARM64",
    "searchTime" : "2024-07-20T17:55:02.626Z[UTC]",
    "searchQuery" : "h",
    "searchInteractionURIs" : [
    ]
  },
  {
    "platform" : "IPHONE",
    "searchTime" : "2024-07-20T17:55:08.194Z[UTC]",
    "searchQuery" : "hayley williams acous",
    "searchInteractionURIs" : [
      "spotify:track:1uZ6G5qr3ENcrtY5fTZSkh",
      "spotify:artist:6Rx1JKzBrSzoKQtmbVmBnM"
    ]
  },
  {
    "platform" : "IPHONE",
    "searchTime" : "2024-07-21T18:20:33.740Z[UTC]",
    "searchQuery" : "y v",
    "searchInteractionURIs" : [
      "spotify:track:5gflgO9EPbIBf16n5TKnQS"
    ]
  },
  {
    "platform" : "IPHONE",
    "searchTime" : "2024-07-21T18:30:46.387Z[UTC]",
    "searchQuery" : "des",
    "searchInteractionURIs" : [
      "spotify:track:6rPO02ozF3bM7NnOV4h6s2"
    ]
  },
  {
    "platform" : "IPHONE",
    "searchTime" : "2024-07-22T03:47:33.900Z[UTC]",
    "searchQuery" : "tanglef",
    "searchInteractionURIs" : [
      "spotify:album:1l0aFrH24oPrQSqGtfeFyE"
    ]
  },
  {
    "platform" : "IPHONE",
    "searchTime" : "2024-07-22T17:26:43.640Z[UTC]",
    "searchQuery" : "mia ",
    "searchInteractionURIs" : [
      "spotify:track:1Vk4yRsz0iBzDiZEoFMQyv"
    ]
  },
  {
    "platform" : "IPHONE",
    "searchTime" : "2024-07-22T17:26:57.748Z[UTC]",
    "searchQuery" : "interstellar piano",
    "searchInteractionURIs" : [
      "spotify:track:7xEX406hnVXC7mDfkts2jc",
      "spotify:playlist:3cXBYazaDFu80FJWoQd9mq"
    ]
  },
  {
    "platform" : "IPHONE",
    "searchTime" : "2024-07-22T17:33:31.822Z[UTC]",
    "searchQuery" : "animen",
    "searchInteractionURIs" : [
      "spotify:artist:1n1jFZ5F8PLD8MGHP4vp8z",
      "spotify:playlist:2oRq4qFMtR5cGzPuXBLWSm"
    ]
  },
  {
    "platform" : "WIN32_X86_64",
    "searchTime" : "2024-07-23T13:26:47.467Z[UTC]",
    "searchQuery" : "request",
    "searchInteractionURIs" : [
    ]
  },
  {
    "platform" : "IPHONE",
    "searchTime" : "2024-07-24T01:33:49.582Z[UTC]",
    "searchQuery" : "i caug",
    "searchInteractionURIs" : [
      "spotify:track:2E59wdcCUh3BAqepSNNMga"
    ]
  },
  {
    "platform" : "IPHONE_ARM64",
    "searchTime" : "2024-07-25T13:55:48.928Z[UTC]",
    "searchQuery" : "ob",
    "searchInteractionURIs" : [
    ]
  },
  {
    "platform" : "IPHONE",
    "searchTime" : "2024-07-25T13:55:49.672Z[UTC]",
    "searchQuery" : "obli",
    "searchInteractionURIs" : [
      "spotify:track:6y4ySPeb68KGoAi1dk130F"
    ]
  },
  {
    "platform" : "IPHONE",
    "searchTime" : "2024-07-25T14:05:14.622Z[UTC]",
    "searchQuery" : "lose ",
    "searchInteractionURIs" : [
      "spotify:track:7MJQ9Nfxzh8LPZ9e9u68Fq"
    ]
  },
  {
    "platform" : "IPHONE",
    "searchTime" : "2024-07-25T14:10:17.902Z[UTC]",
    "searchQuery" : "all",
    "searchInteractionURIs" : [
      "spotify:track:5enxwA8aAbwZbf5qCHORXi"
    ]
  }
]