[
  {
    "endTime" : "2023-07-25 17:03",
    "podcastName" : "blondie's vault",
    "episodeName" : "you're losing me",
    "msPlayed" : 65194
  },
  {
    "endTime" : "2023-07-31 17:04",
    "podcastName" : "blondie's vault",
    "episodeName" : "you're losing me",
    "msPlayed" : 2484
  },
  {
    "endTime" : "2023-08-06 16:53",
    "podcastName" : "Shin chan's hindi theme song",
    "episodeName" : "Shin chan's hindi theme song",
    "msPlayed" : 82389
  },
  {
    "endTime" : "2023-08-10 02:55",
    "podcastName" : "blondie's vault",
    "episodeName" : "you're losing me",
    "msPlayed" : 269746
  },
  {
    "endTime" : "2023-08-12 20:16",
    "podcastName" : "blondie's vault",
    "episodeName" : "you're losing me",
    "msPlayed" : 112338
  },
  {
    "endTime" : "2023-08-20 11:07",
    "podcastName" : "The Pulse Of The Planet",
    "episodeName" : "Lana Del Rey - TV In Black & White",
    "msPlayed" : 10474
  },
  {
    "endTime" : "2023-08-20 15:45",
    "podcastName" : "t sizzle",
    "episodeName" : "i wouldn't marry me either",
    "msPlayed" : 342656
  },
  {
    "endTime" : "2023-08-25 05:17",
    "podcastName" : "t sizzle",
    "episodeName" : "i wouldn't marry me either",
    "msPlayed" : 247210
  },
  {
    "endTime" : "2023-08-25 05:20",
    "podcastName" : "t sizzle",
    "episodeName" : "i wouldn't marry me either",
    "msPlayed" : 28844
  },
  {
    "endTime" : "2023-08-25 05:23",
    "podcastName" : "stars by the pocketful",
    "episodeName" : "doubt - maryjblige n taylor swift",
    "msPlayed" : 12543
  },
  {
    "endTime" : "2023-09-17 08:55",
    "podcastName" : "you’re losing me taylor swift",
    "episodeName" : "you’re losing me",
    "msPlayed" : 379530
  },
  {
    "endTime" : "2023-09-18 02:29",
    "podcastName" : "you’re losing me taylor swift",
    "episodeName" : "you’re losing me",
    "msPlayed" : 365273
  },
  {
    "endTime" : "2023-09-23 05:21",
    "podcastName" : "you’re losing me taylor swift",
    "episodeName" : "you’re losing me",
    "msPlayed" : 276967
  },
  {
    "endTime" : "2023-09-23 16:17",
    "podcastName" : "you’re losing me taylor swift",
    "episodeName" : "you’re losing me",
    "msPlayed" : 489290
  },
  {
    "endTime" : "2023-09-26 04:05",
    "podcastName" : "you’re losing me taylor swift",
    "episodeName" : "you’re losing me",
    "msPlayed" : 279219
  },
  {
    "endTime" : "2023-09-26 04:06",
    "podcastName" : "Unreleased Grant",
    "episodeName" : "West Coast Radio Mix",
    "msPlayed" : 54822
  },
  {
    "endTime" : "2023-09-26 04:11",
    "podcastName" : "Unreleased Grant",
    "episodeName" : "Heart Shaped Box (cover)",
    "msPlayed" : 152230
  },
  {
    "endTime" : "2023-09-26 04:12",
    "podcastName" : "Unreleased Grant",
    "episodeName" : "Break Up With Your Girlfriend, I'm Bored (Lana Cover)",
    "msPlayed" : 93065
  },
  {
    "endTime" : "2023-09-26 04:12",
    "podcastName" : "Unreleased Grant",
    "episodeName" : "Money Hunny ",
    "msPlayed" : 6919
  },
  {
    "endTime" : "2023-09-26 04:14",
    "podcastName" : "Lana AI ",
    "episodeName" : "Cardigan (lana AI)",
    "msPlayed" : 70240
  },
  {
    "endTime" : "2023-10-09 02:40",
    "podcastName" : "you’re losing me taylor swift",
    "episodeName" : "you’re losing me",
    "msPlayed" : 434770
  },
  {
    "endTime" : "2023-10-10 14:42",
    "podcastName" : "you’re losing me taylor swift",
    "episodeName" : "you’re losing me",
    "msPlayed" : 161100
  },
  {
    "endTime" : "2023-10-14 11:05",
    "podcastName" : "you’re losing me taylor swift",
    "episodeName" : "you’re losing me",
    "msPlayed" : 335978
  },
  {
    "endTime" : "2023-10-30 02:33",
    "podcastName" : "Unreleased",
    "episodeName" : "You’re Losing Me",
    "msPlayed" : 227520
  },
  {
    "endTime" : "2023-10-30 12:01",
    "podcastName" : "Unreleased",
    "episodeName" : "You’re Losing Me",
    "msPlayed" : 276330
  },
  {
    "endTime" : "2023-11-01 05:21",
    "podcastName" : "Unreleased",
    "episodeName" : "You’re Losing Me",
    "msPlayed" : 263105
  },
  {
    "endTime" : "2023-11-02 02:48",
    "podcastName" : "vaulted",
    "episodeName" : "you’re losing me",
    "msPlayed" : 598165
  },
  {
    "endTime" : "2023-12-13 05:18",
    "podcastName" : "Big Reputation (Taylor’s Version)",
    "episodeName" : "Midnight rain in december (Taylor's Version)",
    "msPlayed" : 4852
  },
  {
    "endTime" : "2023-12-15 16:20",
    "podcastName" : "Chipi Chipi chapa chapa dubi dubi daba daba",
    "episodeName" : "Chipi Chipi chapa chapa dubi dubi daba daba",
    "msPlayed" : 30504
  },
  {
    "endTime" : "2023-12-16 10:18",
    "podcastName" : "Chipi Chipi chapa chapa dubi dubi daba daba",
    "episodeName" : "Chipi Chipi chapa chapa dubi dubi daba daba",
    "msPlayed" : 44919
  },
  {
    "endTime" : "2023-12-18 13:29",
    "podcastName" : "cj's unreleasedd",
    "episodeName" : "fantasize [Ariana Grande]",
    "msPlayed" : 105047
  },
  {
    "endTime" : "2023-12-19 04:18",
    "podcastName" : "cj's unreleasedd",
    "episodeName" : "fantasize [Ariana Grande]",
    "msPlayed" : 150186
  },
  {
    "endTime" : "2024-01-03 13:55",
    "podcastName" : "cj's unreleasedd",
    "episodeName" : "fantasize [Ariana Grande]",
    "msPlayed" : 48622
  },
  {
    "endTime" : "2024-01-04 03:40",
    "podcastName" : "illicit affairs (The Eras Tour Version)",
    "episodeName" : "illicit affairs (The Eras Tour Version)",
    "msPlayed" : 91718
  },
  {
    "endTime" : "2024-01-04 16:24",
    "podcastName" : "lovely mornings ",
    "episodeName" : "nonsense/feather live from 2023 MTV music awards!",
    "msPlayed" : 88129
  },
  {
    "endTime" : "2024-01-05 02:21",
    "podcastName" : "Nonsense/A Nonsense Christmas live ",
    "episodeName" : "Feather live performance at iHeartJingleBall2023",
    "msPlayed" : 708222
  },
  {
    "endTime" : "2024-01-05 03:20",
    "podcastName" : "illicit affairs (The Eras Tour Version)",
    "episodeName" : "illicit affairs (The Eras Tour Version)",
    "msPlayed" : 211882
  },
  {
    "endTime" : "2024-01-05 12:58",
    "podcastName" : "Nonsense/A Nonsense Christmas live ",
    "episodeName" : "Feather live performance at iHeartJingleBall2023",
    "msPlayed" : 106
  },
  {
    "endTime" : "2024-01-05 13:00",
    "podcastName" : "Nonsense/A Nonsense Christmas live ",
    "episodeName" : "Feather live performance at iHeartJingleBall2023",
    "msPlayed" : 166143
  },
  {
    "endTime" : "2024-01-06 04:27",
    "podcastName" : "Nonsense/A Nonsense Christmas live ",
    "episodeName" : "Feather live performance at iHeartJingleBall2023",
    "msPlayed" : 88448
  },
  {
    "endTime" : "2024-01-06 18:06",
    "podcastName" : "Nonsense/A Nonsense Christmas live ",
    "episodeName" : "Feather live performance at iHeartJingleBall2023",
    "msPlayed" : 385892
  },
  {
    "endTime" : "2024-01-07 06:55",
    "podcastName" : "illicit affairs (The Eras Tour Version)",
    "episodeName" : "illicit affairs (The Eras Tour Version)",
    "msPlayed" : 116262
  },
  {
    "endTime" : "2024-01-07 06:56",
    "podcastName" : "vaulted",
    "episodeName" : "out of the woods (1989 world tour) (live)",
    "msPlayed" : 6930
  },
  {
    "endTime" : "2024-01-07 06:57",
    "podcastName" : "lovely mornings ",
    "episodeName" : "nonsense/feather live from 2023 MTV music awards!",
    "msPlayed" : 12482
  },
  {
    "endTime" : "2024-01-07 06:57",
    "podcastName" : "Nonsense/A Nonsense Christmas live ",
    "episodeName" : "Feather live performance at iHeartJingleBall2023",
    "msPlayed" : 9984
  },
  {
    "endTime" : "2024-01-07 07:17",
    "podcastName" : "Nonsense/A Nonsense Christmas live ",
    "episodeName" : "Feather live performance at iHeartJingleBall2023",
    "msPlayed" : 13258
  },
  {
    "endTime" : "2024-01-07 12:14",
    "podcastName" : "cj's unreleasedd",
    "episodeName" : "Honey In My T [Doja Cat]",
    "msPlayed" : 10518
  },
  {
    "endTime" : "2024-01-08 11:04",
    "podcastName" : "Nonsense/A Nonsense Christmas live ",
    "episodeName" : "Feather live performance at iHeartJingleBall2023",
    "msPlayed" : 274761
  },
  {
    "endTime" : "2024-01-08 14:19",
    "podcastName" : "illicit affairs (The Eras Tour Version)",
    "episodeName" : "illicit affairs (The Eras Tour Version)",
    "msPlayed" : 157547
  },
  {
    "endTime" : "2024-01-08 14:21",
    "podcastName" : "Nonsense/A Nonsense Christmas live ",
    "episodeName" : "Feather live performance at iHeartJingleBall2023",
    "msPlayed" : 135000
  },
  {
    "endTime" : "2024-01-10 05:18",
    "podcastName" : "Nonsense/A Nonsense Christmas live ",
    "episodeName" : "Feather live performance at iHeartJingleBall2023",
    "msPlayed" : 231363
  },
  {
    "endTime" : "2024-01-10 14:06",
    "podcastName" : "illicit affairs (The Eras Tour Version)",
    "episodeName" : "illicit affairs (The Eras Tour Version)",
    "msPlayed" : 102817
  },
  {
    "endTime" : "2024-01-10 18:18",
    "podcastName" : "Nonsense/A Nonsense Christmas live ",
    "episodeName" : "Feather live performance at iHeartJingleBall2023",
    "msPlayed" : 235403
  },
  {
    "endTime" : "2024-01-11 03:03",
    "podcastName" : "Nonsense/A Nonsense Christmas live ",
    "episodeName" : "Feather live performance at iHeartJingleBall2023",
    "msPlayed" : 106602
  },
  {
    "endTime" : "2024-01-11 17:10",
    "podcastName" : "Nonsense/A Nonsense Christmas live ",
    "episodeName" : "Feather live performance at iHeartJingleBall2023",
    "msPlayed" : 292664
  },
  {
    "endTime" : "2024-01-12 12:13",
    "podcastName" : "Nonsense/A Nonsense Christmas live ",
    "episodeName" : "Feather live performance at iHeartJingleBall2023",
    "msPlayed" : 185086
  },
  {
    "endTime" : "2024-01-19 09:09",
    "podcastName" : "Nonsense/A Nonsense Christmas live ",
    "episodeName" : "Feather live performance at iHeartJingleBall2023",
    "msPlayed" : 195649
  },
  {
    "endTime" : "2024-01-19 09:12",
    "podcastName" : "Nonsense/A Nonsense Christmas live ",
    "episodeName" : "Feather live performance at iHeartJingleBall2023",
    "msPlayed" : 170016
  },
  {
    "endTime" : "2024-01-21 12:59",
    "podcastName" : "Nonsense/A Nonsense Christmas live ",
    "episodeName" : "Feather live performance at iHeartJingleBall2023",
    "msPlayed" : 106645
  },
  {
    "endTime" : "2024-01-21 17:39",
    "podcastName" : "Nonsense/A Nonsense Christmas live ",
    "episodeName" : "Feather live performance at iHeartJingleBall2023",
    "msPlayed" : 287489
  },
  {
    "endTime" : "2024-01-21 17:39",
    "podcastName" : "cj's unreleasedd",
    "episodeName" : "Playing Dangerous [Lana Del Rey]",
    "msPlayed" : 266
  },
  {
    "endTime" : "2024-01-22 18:46",
    "podcastName" : "Evermore",
    "episodeName" : "Diet Mountain Dew - Demo ",
    "msPlayed" : 232942
  },
  {
    "endTime" : "2024-01-22 18:51",
    "podcastName" : "Evermore",
    "episodeName" : "Diet Mountain Dew - Demo ",
    "msPlayed" : 258809
  },
  {
    "endTime" : "2024-01-23 02:46",
    "podcastName" : "Evermore",
    "episodeName" : "Diet Mountain Dew - Demo ",
    "msPlayed" : 137183
  },
  {
    "endTime" : "2024-01-23 10:04",
    "podcastName" : "Evermore",
    "episodeName" : "Diet Mountain Dew - Demo ",
    "msPlayed" : 260800
  },
  {
    "endTime" : "2024-01-23 17:12",
    "podcastName" : "Nonsense/A Nonsense Christmas live ",
    "episodeName" : "Feather live performance at iHeartJingleBall2023",
    "msPlayed" : 272671
  },
  {
    "endTime" : "2024-01-23 17:18",
    "podcastName" : "Evermore",
    "episodeName" : "Diet Mountain Dew - Demo ",
    "msPlayed" : 166045
  },
  {
    "endTime" : "2024-01-24 06:15",
    "podcastName" : "Evermore",
    "episodeName" : "Diet Mountain Dew - Demo ",
    "msPlayed" : 423189
  },
  {
    "endTime" : "2024-01-24 18:03",
    "podcastName" : "Nonsense/A Nonsense Christmas live ",
    "episodeName" : "Feather live performance at iHeartJingleBall2023",
    "msPlayed" : 72234
  },
  {
    "endTime" : "2024-01-29 06:10",
    "podcastName" : "Evermore",
    "episodeName" : "Diet Mountain Dew - Demo ",
    "msPlayed" : 321962
  },
  {
    "endTime" : "2024-01-29 15:10",
    "podcastName" : "Evermore",
    "episodeName" : "Diet Mountain Dew - Demo ",
    "msPlayed" : 292359
  },
  {
    "endTime" : "2024-01-29 15:12",
    "podcastName" : "Nonsense/A Nonsense Christmas live ",
    "episodeName" : "Feather live performance at iHeartJingleBall2023",
    "msPlayed" : 133846
  },
  {
    "endTime" : "2024-01-29 15:14",
    "podcastName" : "lovely mornings ",
    "episodeName" : "some more book tiktoks!",
    "msPlayed" : 12261
  },
  {
    "endTime" : "2024-01-30 03:19",
    "podcastName" : "Evermore",
    "episodeName" : "Diet Mountain Dew - Demo ",
    "msPlayed" : 143871
  },
  {
    "endTime" : "2024-01-30 13:43",
    "podcastName" : "illicit affairs (The Eras Tour Version)",
    "episodeName" : "illicit affairs (The Eras Tour Version)",
    "msPlayed" : 78229
  },
  {
    "endTime" : "2024-01-31 14:02",
    "podcastName" : "Nonsense/A Nonsense Christmas live ",
    "episodeName" : "Feather live performance at iHeartJingleBall2023",
    "msPlayed" : 170016
  },
  {
    "endTime" : "2024-01-31 14:02",
    "podcastName" : "Lana AI ",
    "episodeName" : "Hurt Like Me",
    "msPlayed" : 1600
  },
  {
    "endTime" : "2024-01-31 16:47",
    "podcastName" : "illicit affairs (The Eras Tour Version)",
    "episodeName" : "illicit affairs (The Eras Tour Version)",
    "msPlayed" : 109448
  },
  {
    "endTime" : "2024-01-31 16:47",
    "podcastName" : "lovely mornings ",
    "episodeName" : "crochet tiktoks!",
    "msPlayed" : 4191
  },
  {
    "endTime" : "2024-02-01 02:17",
    "podcastName" : "Evermore",
    "episodeName" : "Diet Mountain Dew - Demo ",
    "msPlayed" : 217685
  },
  {
    "endTime" : "2024-02-02 03:19",
    "podcastName" : "Evermore",
    "episodeName" : "Diet Mountain Dew - Demo ",
    "msPlayed" : 212138
  },
  {
    "endTime" : "2024-02-02 12:55",
    "podcastName" : "Evermore",
    "episodeName" : "Diet Mountain Dew - Demo ",
    "msPlayed" : 185179
  },
  {
    "endTime" : "2024-02-04 15:49",
    "podcastName" : "Nonsense/A Nonsense Christmas live ",
    "episodeName" : "Feather live performance at iHeartJingleBall2023",
    "msPlayed" : 150372
  },
  {
    "endTime" : "2024-02-05 02:24",
    "podcastName" : "illicit affairs (The Eras Tour Version)",
    "episodeName" : "illicit affairs (The Eras Tour Version)",
    "msPlayed" : 179443
  },
  {
    "endTime" : "2024-02-05 13:26",
    "podcastName" : "Nonsense/A Nonsense Christmas live ",
    "episodeName" : "Feather live performance at iHeartJingleBall2023",
    "msPlayed" : 216316
  },
  {
    "endTime" : "2024-02-09 04:49",
    "podcastName" : "Evermore",
    "episodeName" : "Diet Mountain Dew - Demo ",
    "msPlayed" : 151788
  },
  {
    "endTime" : "2024-02-10 04:19",
    "podcastName" : "Evermore",
    "episodeName" : "Diet Mountain Dew - Demo ",
    "msPlayed" : 186290
  },
  {
    "endTime" : "2024-02-11 06:15",
    "podcastName" : "Nonsense/A Nonsense Christmas live ",
    "episodeName" : "Feather live performance at iHeartJingleBall2023",
    "msPlayed" : 13699
  },
  {
    "endTime" : "2024-02-13 08:26",
    "podcastName" : "Nonsense/A Nonsense Christmas live ",
    "episodeName" : "Feather live performance at iHeartJingleBall2023",
    "msPlayed" : 128512
  },
  {
    "endTime" : "2024-02-13 16:05",
    "podcastName" : "Nonsense/A Nonsense Christmas live ",
    "episodeName" : "Feather live performance at iHeartJingleBall2023",
    "msPlayed" : 354150
  },
  {
    "endTime" : "2024-02-13 16:09",
    "podcastName" : "Evermore",
    "episodeName" : "Diet Mountain Dew - Demo ",
    "msPlayed" : 217222
  },
  {
    "endTime" : "2024-02-15 13:01",
    "podcastName" : "Evermore",
    "episodeName" : "Diet Mountain Dew - Demo ",
    "msPlayed" : 11702
  },
  {
    "endTime" : "2024-02-17 04:11",
    "podcastName" : "Evermore",
    "episodeName" : "Diet Mountain Dew - Demo ",
    "msPlayed" : 162632
  },
  {
    "endTime" : "2024-02-19 06:06",
    "podcastName" : "illicit affairs (live from the eras tour)",
    "episodeName" : "illicit affairs (live from the eras tour)",
    "msPlayed" : 147051
  },
  {
    "endTime" : "2024-02-21 14:13",
    "podcastName" : "Evermore",
    "episodeName" : "Diet Mountain Dew - Demo ",
    "msPlayed" : 174428
  },
  {
    "endTime" : "2024-02-21 16:31",
    "podcastName" : "Evermore",
    "episodeName" : "Diet Mountain Dew - Demo ",
    "msPlayed" : 218761
  },
  {
    "endTime" : "2024-03-01 02:55",
    "podcastName" : "Unreleased Grant ",
    "episodeName" : "Tv in Black and White",
    "msPlayed" : 180628
  },
  {
    "endTime" : "2024-03-04 15:22",
    "podcastName" : "sad sped up tiktok audios💗",
    "episodeName" : "sad sped up audios from tiktok💟",
    "msPlayed" : 3413
  },
  {
    "endTime" : "2024-03-05 16:29",
    "podcastName" : "Live from The Eras Tour",
    "episodeName" : "You're On Your Own, Kid(Live from The Eras Tour)",
    "msPlayed" : 189962
  },
  {
    "endTime" : "2024-03-13 05:56",
    "podcastName" : "recetas de cocina ",
    "episodeName" : "girl i’ve always been",
    "msPlayed" : 15475
  },
  {
    "endTime" : "2024-03-13 05:56",
    "podcastName" : "recetas de cocina ",
    "episodeName" : "Obsessed ",
    "msPlayed" : 271185
  },
  {
    "endTime" : "2024-03-13 06:01",
    "podcastName" : "lovers",
    "episodeName" : "fantasize",
    "msPlayed" : 274622
  },
  {
    "endTime" : "2024-03-13 14:08",
    "podcastName" : "recetas de cocina ",
    "episodeName" : "Obsessed ",
    "msPlayed" : 140544
  },
  {
    "endTime" : "2024-03-14 15:37",
    "podcastName" : "lovers",
    "episodeName" : "fantasize",
    "msPlayed" : 207888
  },
  {
    "endTime" : "2024-03-15 02:36",
    "podcastName" : "recetas de cocina ",
    "episodeName" : "girl i’ve always been",
    "msPlayed" : 8996
  },
  {
    "endTime" : "2024-03-15 02:36",
    "podcastName" : "recetas de cocina ",
    "episodeName" : "Obsessed ",
    "msPlayed" : 321039
  },
  {
    "endTime" : "2024-03-15 14:36",
    "podcastName" : "recetas de cocina ",
    "episodeName" : "Obsessed ",
    "msPlayed" : 309847
  },
  {
    "endTime" : "2024-03-16 03:54",
    "podcastName" : "recetas de cocina ",
    "episodeName" : "Obsessed ",
    "msPlayed" : 151649
  },
  {
    "endTime" : "2024-03-16 03:57",
    "podcastName" : "lovers",
    "episodeName" : "fantasize",
    "msPlayed" : 141479
  },
  {
    "endTime" : "2024-03-16 12:24",
    "podcastName" : "recetas de cocina ",
    "episodeName" : "girl i’ve always been",
    "msPlayed" : 3220
  },
  {
    "endTime" : "2024-03-16 12:24",
    "podcastName" : "recetas de cocina ",
    "episodeName" : "Obsessed ",
    "msPlayed" : 163213
  },
  {
    "endTime" : "2024-03-17 11:50",
    "podcastName" : "lovers",
    "episodeName" : "fantasize",
    "msPlayed" : 226440
  },
  {
    "endTime" : "2024-03-17 16:22",
    "podcastName" : "lovers",
    "episodeName" : "fantasize",
    "msPlayed" : 162702
  },
  {
    "endTime" : "2024-03-18 16:17",
    "podcastName" : "recetas de cocina ",
    "episodeName" : "Obsessed ",
    "msPlayed" : 159335
  },
  {
    "endTime" : "2024-03-20 05:07",
    "podcastName" : "recetas de cocina ",
    "episodeName" : "Obsessed ",
    "msPlayed" : 219750
  },
  {
    "endTime" : "2024-03-20 05:08",
    "podcastName" : "Evermore",
    "episodeName" : "Hold On, We're Going Home - Artic Monkeys ",
    "msPlayed" : 65317
  },
  {
    "endTime" : "2024-03-30 15:14",
    "podcastName" : "Nonsense/A Nonsense Christmas live ",
    "episodeName" : "Feather live performance at iHeartJingleBall2023",
    "msPlayed" : 87237
  },
  {
    "endTime" : "2024-04-01 10:10",
    "podcastName" : "illicit affairs (live from the eras tour)",
    "episodeName" : "illicit affairs (live from the eras tour)",
    "msPlayed" : 69752
  },
  {
    "endTime" : "2024-04-08 02:21",
    "podcastName" : "illicit affairs (live from the eras tour)",
    "episodeName" : "illicit affairs (live from the eras tour)",
    "msPlayed" : 82291
  },
  {
    "endTime" : "2024-04-09 07:13",
    "podcastName" : "Surprise Songs, Unreleased, and Extra",
    "episodeName" : "Is It Over Now / Out of the Woods (Live)",
    "msPlayed" : 4249
  },
  {
    "endTime" : "2024-04-22 13:39",
    "podcastName" : "Nonsense/A Nonsense Christmas live ",
    "episodeName" : "Feather live performance at iHeartJingleBall2023",
    "msPlayed" : 140573
  },
  {
    "endTime" : "2024-04-23 18:27",
    "podcastName" : "Lana del rey gold 😻",
    "episodeName" : "Diet Mountain Dew (demo)",
    "msPlayed" : 241905
  },
  {
    "endTime" : "2024-04-24 17:41",
    "podcastName" : "Lana del rey gold 😻",
    "episodeName" : "Diet Mountain Dew (demo)",
    "msPlayed" : 161680
  },
  {
    "endTime" : "2024-04-27 21:16",
    "podcastName" : "Let's Find Out",
    "episodeName" : "Relaxing Rain Sounds for Deep Sleep | 2 Hours",
    "msPlayed" : 6884902
  },
  {
    "endTime" : "2024-04-28 17:41",
    "podcastName" : "Lana del rey gold 😻",
    "episodeName" : "Diet Mountain Dew (demo)",
    "msPlayed" : 135744
  },
  {
    "endTime" : "2024-04-28 19:39",
    "podcastName" : "Let's Find Out",
    "episodeName" : "Relaxing Rain Sounds for Deep Sleep | 2 Hours",
    "msPlayed" : 260527
  },
  {
    "endTime" : "2024-04-28 19:40",
    "podcastName" : "Meditation Sounds",
    "episodeName" : "🎧 8D Nature Sounds | Relaxing Nature ASMR | USE HEADPHONES",
    "msPlayed" : 3552
  },
  {
    "endTime" : "2024-04-28 19:40",
    "podcastName" : "The Sleep Zone Podcast",
    "episodeName" : "Relaxing Sleep Music: Deep Meditation Music, Bird sounds , Relaxing Birdsong to Relieve Stress and Sleep Better, Soothing Sounds of Nature",
    "msPlayed" : 25913
  },
  {
    "endTime" : "2024-04-28 19:41",
    "podcastName" : "Meditation Sounds",
    "episodeName" : "🎧 8D Nature Sounds | Relaxing Nature ASMR | USE HEADPHONES",
    "msPlayed" : 46277
  },
  {
    "endTime" : "2024-04-29 05:45",
    "podcastName" : "Let's Find Out",
    "episodeName" : "Relaxing Rain Sounds for Deep Sleep | 2 Hours",
    "msPlayed" : 189428
  },
  {
    "endTime" : "2024-04-29 06:02",
    "podcastName" : "Let's Find Out",
    "episodeName" : "Relaxing Rain Sounds for Deep Sleep | 2 Hours",
    "msPlayed" : 17484
  },
  {
    "endTime" : "2024-04-29 13:25",
    "podcastName" : "Lana del rey gold 😻",
    "episodeName" : "Diet Mountain Dew (demo)",
    "msPlayed" : 13467
  },
  {
    "endTime" : "2024-04-30 05:45",
    "podcastName" : "Let's Find Out",
    "episodeName" : "Relaxing Rain Sounds for Deep Sleep | 2 Hours",
    "msPlayed" : 3393410
  },
  {
    "endTime" : "2024-05-02 05:13",
    "podcastName" : "Let's Find Out",
    "episodeName" : "Relaxing Rain Sounds for Deep Sleep | 2 Hours",
    "msPlayed" : 7109013
  },
  {
    "endTime" : "2024-05-02 14:24",
    "podcastName" : "Lana del rey gold 😻",
    "episodeName" : "Diet Mountain Dew (demo)",
    "msPlayed" : 61290
  },
  {
    "endTime" : "2024-05-03 03:49",
    "podcastName" : "Lana del rey gold 😻",
    "episodeName" : "Diet Mountain Dew (demo)",
    "msPlayed" : 235658
  },
  {
    "endTime" : "2024-05-03 03:51",
    "podcastName" : "Let's Find Out",
    "episodeName" : "4 Hours of Heavy Rain for Sleep",
    "msPlayed" : 7941
  },
  {
    "endTime" : "2024-05-04 14:05",
    "podcastName" : "Let's Find Out",
    "episodeName" : "Relaxing Rain Sounds for Deep Sleep | 2 Hours",
    "msPlayed" : 288135
  },
  {
    "endTime" : "2024-05-05 10:36",
    "podcastName" : "Lana del rey gold 😻",
    "episodeName" : "Diet Mountain Dew (demo)",
    "msPlayed" : 159521
  },
  {
    "endTime" : "2024-05-05 15:00",
    "podcastName" : "Let's Find Out",
    "episodeName" : "Relaxing Rain Sounds for Deep Sleep | 2 Hours",
    "msPlayed" : 5589669
  },
  {
    "endTime" : "2024-05-07 20:24",
    "podcastName" : "Let's Find Out",
    "episodeName" : "Relaxing Rain Sounds for Deep Sleep | 2 Hours",
    "msPlayed" : 7272047
  },
  {
    "endTime" : "2024-05-08 05:51",
    "podcastName" : "Let's Find Out",
    "episodeName" : "The Story of Science | ASMR",
    "msPlayed" : 26772
  },
  {
    "endTime" : "2024-05-08 12:18",
    "podcastName" : "Let's Find Out",
    "episodeName" : "Relaxing Rain Sounds for Deep Sleep | 2 Hours",
    "msPlayed" : 1796066
  },
  {
    "endTime" : "2024-05-10 17:23",
    "podcastName" : "Levi ;3",
    "episodeName" : "Fantasize (ARIANA GRANDE)",
    "msPlayed" : 173546
  },
  {
    "endTime" : "2024-05-11 10:22",
    "podcastName" : "Levi ;3",
    "episodeName" : "Fantasize (ARIANA GRANDE)",
    "msPlayed" : 138111
  },
  {
    "endTime" : "2024-05-17 03:41",
    "podcastName" : "Let's Find Out",
    "episodeName" : "Relaxing Rain Sounds for Deep Sleep | 2 Hours",
    "msPlayed" : 1645458
  },
  {
    "endTime" : "2024-05-25 14:37",
    "podcastName" : "Nonsense/A Nonsense Christmas live ",
    "episodeName" : "Feather live performance at iHeartJingleBall2023",
    "msPlayed" : 125898
  },
  {
    "endTime" : "2024-06-05 08:22",
    "podcastName" : "Let's Find Out",
    "episodeName" : "Relaxing Rain Sounds for Deep Sleep | 2 Hours",
    "msPlayed" : 1239387
  },
  {
    "endTime" : "2024-06-08 07:31",
    "podcastName" : "🩷",
    "episodeName" : "Fantasise",
    "msPlayed" : 198019
  },
  {
    "endTime" : "2024-06-10 05:45",
    "podcastName" : "🩷",
    "episodeName" : "Fantasise",
    "msPlayed" : 244579
  },
  {
    "endTime" : "2024-06-12 05:02",
    "podcastName" : "🩷",
    "episodeName" : "Fantasise",
    "msPlayed" : 234868
  },
  {
    "endTime" : "2024-06-29 06:09",
    "podcastName" : "Nonsense/A Nonsense Christmas live ",
    "episodeName" : "Feather live performance at iHeartJingleBall2023",
    "msPlayed" : 151488
  },
  {
    "endTime" : "2024-06-30 14:41",
    "podcastName" : "🩷",
    "episodeName" : "Fantasise",
    "msPlayed" : 141246
  },
  {
    "endTime" : "2024-06-30 17:05",
    "podcastName" : "Songs For You!! ",
    "episodeName" : "Lana del rey | diet mountain dew (demo) ",
    "msPlayed" : 178632
  },
  {
    "endTime" : "2024-07-01 13:47",
    "podcastName" : "Songs For You!! ",
    "episodeName" : "Lana del rey | diet mountain dew (demo) ",
    "msPlayed" : 107207
  },
  {
    "endTime" : "2024-07-06 08:46",
    "podcastName" : "Songs For You!! ",
    "episodeName" : "Lana del rey | diet mountain dew (demo) ",
    "msPlayed" : 159110
  },
  {
    "endTime" : "2024-07-10 12:21",
    "podcastName" : "Songs For You!! ",
    "episodeName" : "Lana del rey | diet mountain dew (demo) ",
    "msPlayed" : 142987
  },
  {
    "endTime" : "2024-07-14 10:54",
    "podcastName" : "liveoliviardrg's Podcast",
    "episodeName" : "the exception",
    "msPlayed" : 15906
  }
]