{
  "topArtists": {
    "numUniqueArtists": 575,
    "topArtists": [
      {
        "artistUri": "spotify:artist:06HL4z0CvFAxyc27GXpf02",
        "monthlyStreams": [
          {
            "month": 5,
            "biweeklyStreams": [
              {
                "period": 2,
                "numStreams": 38
              },
              {
                "period": 1,
                "numStreams": 27
              }
            ]
          },
          {
            "month": 10,
            "biweeklyStreams": [
              {
                "period": 1,
                "numStreams": 70
              },
              {
                "period": 2,
                "numStreams": 47
              }
            ]
          },
          {
            "month": 1,
            "biweeklyStreams": [
              {
                "period": 1,
                "numStreams": 10
              },
              {
                "period": 2,
                "numStreams": 18
              }
            ]
          },
          {
            "month": 6,
            "biweeklyStreams": [
              {
                "period": 1,
                "numStreams": 20
              },
              {
                "period": 2,
                "numStreams": 26
              }
            ]
          },
          {
            "month": 9,
            "biweeklyStreams": [
              {
                "period": 1,
                "numStreams": 110
              },
              {
                "period": 2,
                "numStreams": 74
              }
            ]
          },
          {
            "month": 2,
            "biweeklyStreams": [
              {
                "period": 2,
                "numStreams": 9
              },
              {
                "period": 1,
                "numStreams": 11
              }
            ]
          },
          {
            "month": 7,
            "biweeklyStreams": [
              {
                "period": 1,
                "numStreams": 65
              },
              {
                "period": 2,
                "numStreams": 77
              }
            ]
          },
          {
            "month": 3,
            "biweeklyStreams": [
              {
                "period": 1,
                "numStreams": 16
              },
              {
                "period": 2,
                "numStreams": 18
              }
            ]
          },
          {
            "month": 11,
            "biweeklyStreams": [
              {
                "period": 1,
                "numStreams": 55
              }
            ]
          },
          {
            "month": 8,
            "biweeklyStreams": [
              {
                "period": 1,
                "numStreams": 96
              },
              {
                "period": 2,
                "numStreams": 71
              }
            ]
          },
          {
            "month": 4,
            "biweeklyStreams": [
              {
                "period": 1,
                "numStreams": 9
              },
              {
                "period": 2,
                "numStreams": 12
              }
            ]
          }
        ]
      },
      {
        "artistUri": "spotify:artist:00FQb4jTyendYWaN8pK0wa",
        "monthlyStreams": [
          {
            "month": 5,
            "biweeklyStreams": [
              {
                "period": 2,
                "numStreams": 28
              },
              {
                "period": 1,
                "numStreams": 22
              }
            ]
          },
          {
            "month": 10,
            "biweeklyStreams": [
              {
                "period": 1,
                "numStreams": 13
              },
              {
                "period": 2,
                "numStreams": 7
              }
            ]
          },
          {
            "month": 1,
            "biweeklyStreams": [
              {
                "period": 1,
                "numStreams": 24
              },
              {
                "period": 2,
                "numStreams": 10
              }
            ]
          },
          {
            "month": 6,
            "biweeklyStreams": [
              {
                "period": 1,
                "numStreams": 12
              },
              {
                "period": 2,
                "numStreams": 19
              }
            ]
          },
          {
            "month": 9,
            "biweeklyStreams": [
              {
                "period": 1,
                "numStreams": 27
              },
              {
                "period": 2,
                "numStreams": 29
              }
            ]
          },
          {
            "month": 2,
            "biweeklyStreams": [
              {
                "period": 2,
                "numStreams": 7
              },
              {
                "period": 1,
                "numStreams": 6
              }
            ]
          },
          {
            "month": 7,
            "biweeklyStreams": [
              {
                "period": 1,
                "numStreams": 32
              },
              {
                "period": 2,
                "numStreams": 40
              }
            ]
          },
          {
            "month": 3,
            "biweeklyStreams": [
              {
                "period": 1,
                "numStreams": 16
              },
              {
                "period": 2,
                "numStreams": 13
              }
            ]
          },
          {
            "month": 11,
            "biweeklyStreams": [
              {
                "period": 1,
                "numStreams": 7
              }
            ]
          },
          {
            "month": 8,
            "biweeklyStreams": [
              {
                "period": 1,
                "numStreams": 27
              },
              {
                "period": 2,
                "numStreams": 28
              }
            ]
          },
          {
            "month": 4,
            "biweeklyStreams": [
              {
                "period": 1,
                "numStreams": 2
              },
              {
                "period": 2,
                "numStreams": 5
              }
            ]
          }
        ]
      },
      {
        "artistUri": "spotify:artist:1McMsnEElThX1knmY4oliG",
        "monthlyStreams": [
          {
            "month": 5,
            "biweeklyStreams": [
              {
                "period": 2,
                "numStreams": 3
              },
              {
                "period": 1,
                "numStreams": 2
              }
            ]
          },
          {
            "month": 10,
            "biweeklyStreams": [
              {
                "period": 1,
                "numStreams": 54
              },
              {
                "period": 2,
                "numStreams": 43
              }
            ]
          },
          {
            "month": 1,
            "biweeklyStreams": [
              {
                "period": 1,
                "numStreams": 3
              },
              {
                "period": 2,
                "numStreams": 12
              }
            ]
          },
          {
            "month": 6,
            "biweeklyStreams": [
              {
                "period": 1,
                "numStreams": 3
              },
              {
                "period": 2,
                "numStreams": 4
              }
            ]
          },
          {
            "month": 9,
            "biweeklyStreams": [
              {
                "period": 1,
                "numStreams": 36
              },
              {
                "period": 2,
                "numStreams": 37
              }
            ]
          },
          {
            "month": 2,
            "biweeklyStreams": [
              {
                "period": 2,
                "numStreams": 10
              },
              {
                "period": 1,
                "numStreams": 8
              }
            ]
          },
          {
            "month": 7,
            "biweeklyStreams": [
              {
                "period": 1,
                "numStreams": 23
              },
              {
                "period": 2,
                "numStreams": 11
              }
            ]
          },
          {
            "month": 3,
            "biweeklyStreams": [
              {
                "period": 1,
                "numStreams": 2
              },
              {
                "period": 2,
                "numStreams": 7
              }
            ]
          },
          {
            "month": 11,
            "biweeklyStreams": [
              {
                "period": 1,
                "numStreams": 39
              }
            ]
          },
          {
            "month": 8,
            "biweeklyStreams": [
              {
                "period": 1,
                "numStreams": 13
              },
              {
                "period": 2,
                "numStreams": 14
              }
            ]
          },
          {
            "month": 4,
            "biweeklyStreams": [
              {
                "period": 1,
                "numStreams": 8
              }
            ]
          }
        ]
      },
      {
        "artistUri": "spotify:artist:74KM79TiuVKeVCqs8QtB0B",
        "monthlyStreams": [
          {
            "month": 5,
            "biweeklyStreams": [
              {
                "period": 2,
                "numStreams": 15
              },
              {
                "period": 1,
                "numStreams": 15
              }
            ]
          },
          {
            "month": 10,
            "biweeklyStreams": [
              {
                "period": 1,
                "numStreams": 11
              },
              {
                "period": 2,
                "numStreams": 9
              }
            ]
          },
          {
            "month": 1,
            "biweeklyStreams": [
              {
                "period": 2,
                "numStreams": 1
              }
            ]
          },
          {
            "month": 6,
            "biweeklyStreams": [
              {
                "period": 1,
                "numStreams": 6
              },
              {
                "period": 2,
                "numStreams": 4
              }
            ]
          },
          {
            "month": 9,
            "biweeklyStreams": [
              {
                "period": 1,
                "numStreams": 23
              },
              {
                "period": 2,
                "numStreams": 18
              }
            ]
          },
          {
            "month": 2,
            "biweeklyStreams": [
              {
                "period": 2,
                "numStreams": 28
              },
              {
                "period": 1,
                "numStreams": 27
              }
            ]
          },
          {
            "month": 7,
            "biweeklyStreams": [
              {
                "period": 1,
                "numStreams": 13
              },
              {
                "period": 2,
                "numStreams": 16
              }
            ]
          },
          {
            "month": 3,
            "biweeklyStreams": [
              {
                "period": 1,
                "numStreams": 29
              },
              {
                "period": 2,
                "numStreams": 36
              }
            ]
          },
          {
            "month": 11,
            "biweeklyStreams": [
              {
                "period": 1,
                "numStreams": 9
              }
            ]
          },
          {
            "month": 8,
            "biweeklyStreams": [
              {
                "period": 1,
                "numStreams": 16
              },
              {
                "period": 2,
                "numStreams": 11
              }
            ]
          },
          {
            "month": 4,
            "biweeklyStreams": [
              {
                "period": 1,
                "numStreams": 32
              },
              {
                "period": 2,
                "numStreams": 5
              }
            ]
          }
        ]
      },
      {
        "artistUri": "spotify:artist:0epOFNiUfyON9EYx7Tpr6V",
        "monthlyStreams": [
          {
            "month": 5,
            "biweeklyStreams": [
              {
                "period": 2,
                "numStreams": 0
              },
              {
                "period": 1,
                "numStreams": 4
              }
            ]
          },
          {
            "month": 10,
            "biweeklyStreams": [
              {
                "period": 1,
                "numStreams": 10
              },
              {
                "period": 2,
                "numStreams": 19
              }
            ]
          },
          {
            "month": 1,
            "biweeklyStreams": [
              {
                "period": 1,
                "numStreams": 18
              },
              {
                "period": 2,
                "numStreams": 27
              }
            ]
          },
          {
            "month": 6,
            "biweeklyStreams": [
              {
                "period": 1,
                "numStreams": 14
              },
              {
                "period": 2,
                "numStreams": 0
              }
            ]
          },
          {
            "month": 9,
            "biweeklyStreams": [
              {
                "period": 1,
                "numStreams": 10
              },
              {
                "period": 2,
                "numStreams": 7
              }
            ]
          },
          {
            "month": 2,
            "biweeklyStreams": [
              {
                "period": 2,
                "numStreams": 7
              },
              {
                "period": 1,
                "numStreams": 30
              }
            ]
          },
          {
            "month": 7,
            "biweeklyStreams": [
              {
                "period": 1,
                "numStreams": 11
              },
              {
                "period": 2,
                "numStreams": 6
              }
            ]
          },
          {
            "month": 3,
            "biweeklyStreams": [
              {
                "period": 1,
                "numStreams": 20
              },
              {
                "period": 2,
                "numStreams": 30
              }
            ]
          },
          {
            "month": 11,
            "biweeklyStreams": [
              {
                "period": 1,
                "numStreams": 2
              }
            ]
          },
          {
            "month": 8,
            "biweeklyStreams": [
              {
                "period": 1,
                "numStreams": 25
              },
              {
                "period": 2,
                "numStreams": 18
              }
            ]
          },
          {
            "month": 4,
            "biweeklyStreams": [
              {
                "period": 1,
                "numStreams": 2
              },
              {
                "period": 2,
                "numStreams": 2
              }
            ]
          }
        ]
      }
    ],
    "topArtistMilliseconds": 167615574,
    "topArtistFanPercentage": 0.02331189
  },
  "topGenres": {
    "topGenres": [
      "pop",
      "modern bollywood",
      "pov: indie",
      "rock",
      "rap"
    ],
    "numberGenres": 27
  },
  "topPodcasts": {
    "topPodcastsUri": [
    ],
    "topPodcastPercentage": 0.0,
    "totalPodcastMilliseconds": 152629
  },
  "topTracks": {
    "topTracks": [
      "spotify:track:5BsGmbPJyupA70FlD7NtbS",
      "spotify:track:5Y6nVaayzitvsD5F7nr3DV",
      "spotify:track:2qLyo5FeWquE7HBUbcVnEy",
      "spotify:track:2L9N0zZnd37dwF0clgxMGI",
      "spotify:track:1Qrg8KqiBpW07V7PNxwwwL"
    ],
    "topTrackPlayCount": 144,
    "topTrackFirstPlayedDate": "2023-03-22",
    "distinctTracksPlayed": 1054
  },
  "yearlyMetrics": {
    "totalMsListened": 1222268917,
    "mostListenedDay": "2023-10-14",
    "mostListenedDayMinutes": 218.22807,
    "percentGreaterThanWorldwideUsers": 82.09236
  },
  "darkMode": {
    "creatureOfHabit": "BOOKKEEPER"
  }
}