{
  "tracks": [
    {
      "artist": "Pulp",
      "album": "His 'N' Hers",
      "track": "Babies",
      "uri": "spotify:track:1pUNeXXcmAJOyK6TiVL49n"
    },
    {
      "artist": "Yugo Kanno",
      "album": "JOJO'S BIZARRE ADVENTURE -Golden Wind O.S.T vol.1 Overture",
      "track": "il vento d'oro",
      "uri": "spotify:track:17VP4tofJ3evJbtY8Tk1Qi"
    },
    {
      "artist": "Sabrina Carpenter",
      "album": "emails i can’t send fwd:",
      "track": "things i wish you said",
      "uri": "spotify:track:2t2fnYja6b2pUizMungIo0"
    },
    {
      "artist": "Sona Mohapatra",
      "album": "Fukrey",
      "track": "Ambarsariya",
      "uri": "spotify:track:4qRcjFkFqSpLBzcbLDt7HL"
    },
    {
      "artist": "Nirvana",
      "album": "Nevermind",
      "track": "Lounge Act",
      "uri": "spotify:track:4iuPYtP5sSsmeG7mcoMoKY"
    },
    {
      "artist": "Cage The Elephant",
      "album": "Thank You Happy Birthday",
      "track": "2024",
      "uri": "spotify:track:07UdfUFR3Ku3saas0hOJHL"
    },
    {
      "artist": "The Buttertones",
      "album": "Buttertones",
      "track": "Orpheus Under the Influence",
      "uri": "spotify:track:7KwJrAQMoJyUEBes3evMLv"
    },
    {
      "artist": "sundial",
      "album": "the roaring twenties",
      "track": "dear parents",
      "uri": "spotify:track:5KM7x3y7MjZofMvCROxLoz"
    },
    {
      "artist": "SZA",
      "album": "SOS",
      "track": "Kill Bill",
      "uri": "spotify:track:3OHfY25tqY28d16oZczHc8"
    },
    {
      "artist": "Arctic Monkeys",
      "album": "AM",
      "track": "Snap Out Of It",
      "uri": "spotify:track:0NdTUS4UiNYCNn5FgVqKQY"
    },
    {
      "artist": "Red Hot Chili Peppers",
      "album": "Californication",
      "track": "Scar Tissue",
      "uri": "spotify:track:1G391cbiT3v3Cywg8T7DM1"
    },
    {
      "artist": "Stephen Sanchez",
      "album": "Until I Found You",
      "track": "Until I Found You - Piano Version",
      "uri": "spotify:track:06vNG6CiV4k8oNA0wUUAO7"
    },
    {
      "artist": "Mitski",
      "album": "Be the Cowboy",
      "track": "Nobody",
      "uri": "spotify:track:6bTn1ovliI0OkjUNkiMBJq"
    },
    {
      "artist": "Ashe",
      "album": "Shower With My Clothes On",
      "track": "Hope You're Not Happy",
      "uri": "spotify:track:4VrBComYDBqtmz0CnU2IgE"
    },
    {
      "artist": "Yenne Lee",
      "album": "Autumn Leaves",
      "track": "Autumn Leaves",
      "uri": "spotify:track:0eWyYb3u3ltAyW58lG4vGk"
    },
    {
      "artist": "Billie Eilish",
      "album": "What Was I Made For? [From The Motion Picture \"Barbie\"]",
      "track": "What Was I Made For? [From The Motion Picture \"Barbie\"]",
      "uri": "spotify:track:6wf7Yu7cxBSPrRlWeSeK0Q"
    },
    {
      "artist": "Claire Rosinkranz",
      "album": "Backyard Boy",
      "track": "Backyard Boy",
      "uri": "spotify:track:04F42oEuKrRComYJfJuyVR"
    },
    {
      "artist": "Arctic Monkeys",
      "album": "There’d Better Be A Mirrorball",
      "track": "There’d Better Be A Mirrorball",
      "uri": "spotify:track:0yowbJnnbTLpr99f9l1uba"
    },
    {
      "artist": "Paramore",
      "album": "After Laughter",
      "track": "Idle Worship",
      "uri": "spotify:track:50zSoW3GT1Ee4hXxQPO08t"
    },
    {
      "artist": "Demi Lovato",
      "album": "Demi",
      "track": "Heart Attack",
      "uri": "spotify:track:1V6gIisPpYqgFeWbMLI0bA"
    },
    {
      "artist": "Kero Kero Bonito",
      "album": "Time 'n' Place",
      "track": "Time Today",
      "uri": "spotify:track:7EsDk6MCV3eZaVKMdggirZ"
    },
    {
      "artist": "Aimer",
      "album": "Best Selection Blanc",
      "track": "Re:pray",
      "uri": "spotify:track:0uTtuQxtZbbR9FmCI3j4PV"
    },
    {
      "artist": "The Strokes",
      "album": "Is This It",
      "track": "Last Nite",
      "uri": "spotify:track:7kzKAuUzOITUauHAhoMoxA"
    },
    {
      "artist": "Alex Turner",
      "album": "Submarine - Original Songs From The Film By Alex Turner",
      "track": "Stuck on the puzzle",
      "uri": "spotify:track:3cUxncrTWSA9lhlQbuIwUY"
    },
    {
      "artist": "Frankie Cosmos",
      "album": "Inner World Peace",
      "track": "Abigail",
      "uri": "spotify:track:75NgXlkXMMtUI9611uR5kX"
    },
    {
      "artist": "Dua Lipa",
      "album": "Future Nostalgia",
      "track": "Levitating",
      "uri": "spotify:track:39LLxExYz6ewLAcYrzQQyP"
    },
    {
      "artist": "Keane",
      "album": "Hopes And Fears",
      "track": "Somewhere Only We Know",
      "uri": "spotify:track:1SKPmfSYaPsETbRHaiA18G"
    },
    {
      "artist": "The Strokes",
      "album": "Room On Fire",
      "track": "You Talk Way Too Much",
      "uri": "spotify:track:6lnnaGN20kl0jEYJSxCgU9"
    },
    {
      "artist": "George Michael",
      "album": "Ladies And Gentlemen... The Best Of George Michael",
      "track": "Careless Whisper",
      "uri": "spotify:track:4jDmJ51x1o9NZB5Nxxc7gY"
    },
    {
      "artist": "Taylor Swift",
      "album": "folklore",
      "track": "exile (feat. Bon Iver)",
      "uri": "spotify:track:4pvb0WLRcMtbPGmtejJJ6y"
    },
    {
      "artist": "Paramore",
      "album": "This Is Why",
      "track": "You First",
      "uri": "spotify:track:2ZMkAWKrNDXrQuF0N9Q9Xj"
    },
    {
      "artist": "The Fratellis",
      "album": "Costello Music",
      "track": "Whistle For The Choir",
      "uri": "spotify:track:5xHDHZFz4iADxehEgyjMhw"
    },
    {
      "artist": "Grandaddy",
      "album": "Under The Western Freeway",
      "track": "A.M. 180",
      "uri": "spotify:track:1tMHDdJEz8MFrkPFgwFACG"
    },
    {
      "artist": "Olivia Rodrigo",
      "album": "GUTS",
      "track": "ballad of a homeschooled girl",
      "uri": "spotify:track:1XiFjtUMNldDO7pcVKla7p"
    },
    {
      "artist": "The Strokes",
      "album": "The New Abnormal",
      "track": "At The Door",
      "uri": "spotify:track:7lu6YLrlB1MU7HW8DJSuPa"
    },
    {
      "artist": "Bill Evans",
      "album": "Undercurrent",
      "track": "Skating In Central Park",
      "uri": "spotify:track:1cpANF6zMBoFoxkoIjZHjv"
    },
    {
      "artist": "Sweet Trip",
      "album": "Velocity: Design: Comfort.",
      "track": "Dsco",
      "uri": "spotify:track:1OKkG3vxEuBBwLw1gCqdNW"
    },
    {
      "artist": "The Voidz",
      "album": "Virtue",
      "track": "Wink",
      "uri": "spotify:track:6VFaZ3zgXaRbc79GRqhbBz"
    },
    {
      "artist": "Laufey",
      "album": "Bewitched",
      "track": "Lovesick",
      "uri": "spotify:track:39fD0qvjgk8RarJnoBiDTx"
    },
    {
      "artist": "The Strokes",
      "album": "Room On Fire",
      "track": "Reptilia",
      "uri": "spotify:track:57Xjny5yNzAcsxnusKmAfA"
    },
    {
      "artist": "The Strokes",
      "album": "Is This It",
      "track": "Is This It",
      "uri": "spotify:track:2pAD0PKMUMtxlMvz33tYzB"
    },
    {
      "artist": "The Black Keys",
      "album": "\"Let's Rock\"",
      "track": "Go",
      "uri": "spotify:track:2GuXIMRlaxVLcU0a5jacHw"
    },
    {
      "artist": "Zion & Lennox",
      "album": "Motivando a la Yal",
      "track": "Yo Voy (feat. Daddy Yankee)",
      "uri": "spotify:track:5gflgO9EPbIBf16n5TKnQS"
    },
    {
      "artist": "Luna Li",
      "album": "jams EP",
      "track": "2516",
      "uri": "spotify:track:0R6sz2EUOMSM3qaZHEpG63"
    },
    {
      "artist": "Paul McCartney",
      "album": "Kisses On The Bottom",
      "track": "My Valentine",
      "uri": "spotify:track:0LJrw4m55mJcLB8X2IPwpB"
    },
    {
      "artist": "Takayoshi",
      "album": "on ur mind",
      "track": "on ur mind",
      "uri": "spotify:track:27X15kptwVSlgrxLr0YtUt"
    },
    {
      "artist": "Wallows",
      "album": "Pleaser",
      "track": "Pleaser",
      "uri": "spotify:track:11zf7m4vw9Ze7cer9Nyhk1"
    },
    {
      "artist": "Conan Gray",
      "album": "Kid Krow",
      "track": "Comfort Crowd",
      "uri": "spotify:track:6uaBrivDHCaV0uBTiwHTUi"
    },
    {
      "artist": "Surf Curse",
      "album": "Heaven Surrounds You",
      "track": "Disco",
      "uri": "spotify:track:644hazYIWNQq4URUn7CPnQ"
    },
    {
      "artist": "Doja Cat",
      "album": "Planet Her",
      "track": "You Right",
      "uri": "spotify:track:0k4d5YPDr1r7FX77VdqWez"
    },
    {
      "artist": "Jamiroquai",
      "album": "Dynamite",
      "track": "Feels Just Like it Should",
      "uri": "spotify:track:7oCg5ZfXXRE61cWQMw0xzk"
    },
    {
      "artist": "Laufey",
      "album": "Goddess",
      "track": "Goddess",
      "uri": "spotify:track:4R3AU2pjv8ge2siX1fVbZs"
    },
    {
      "artist": "Rex Orange County",
      "album": "Sunflower",
      "track": "Sunflower",
      "uri": "spotify:track:4EpZ4eYuZOwPSSwyqpdHnJ"
    },
    {
      "artist": "Vansire",
      "album": "The Modern Western World",
      "track": "Night Vision",
      "uri": "spotify:track:1MwPvniPtqPkXwtQDFiJdb"
    },
    {
      "artist": "Rex Orange County",
      "album": "Pony",
      "track": "Pluto Projector",
      "uri": "spotify:track:4EWBhKf1fOFnyMtUzACXEc"
    },
    {
      "artist": "Lana Del Rey",
      "album": "Did you know that there's a tunnel under Ocean Blvd",
      "track": "Did you know that there's a tunnel under Ocean Blvd",
      "uri": "spotify:track:0HEzuLLojblUOaUSdmJ9gl"
    },
    {
      "artist": "Eyedress",
      "album": "Jealous",
      "track": "Jealous",
      "uri": "spotify:track:1aXV8GrmQLvgoFtBPERP7E"
    },
    {
      "artist": "Kero Kero Bonito",
      "album": "TOTEP",
      "track": "You Know How It Is",
      "uri": "spotify:track:63whBV1w1nwXb5iAsDiw6H"
    },
    {
      "artist": "The Last Shadow Puppets",
      "album": "Everything You've Come To Expect",
      "track": "Sweet Dreams, TN",
      "uri": "spotify:track:1W0OCrMsRP1SLTEdw3JwEz"
    },
    {
      "artist": "The Voidz",
      "album": "Tyranny",
      "track": "Dare I Care",
      "uri": "spotify:track:3QFwqMCEkE5ZItQhMksIbB"
    },
    {
      "artist": "Laufey",
      "album": "Bewitched",
      "track": "From The Start",
      "uri": "spotify:track:43iIQbw5hx986dUEZbr3eN"
    },
    {
      "artist": "The Strokes",
      "album": "Room On Fire",
      "track": "Automatic Stop",
      "uri": "spotify:track:6DUKQUhWqUySYngLXLNwP2"
    },
    {
      "artist": "Dire Straits",
      "album": "Dire Straits",
      "track": "Sultans Of Swing",
      "uri": "spotify:track:37Tmv4NnfQeb0ZgUC4fOJj"
    },
    {
      "artist": "Duke Ellington",
      "album": "Duke Ellington & John Coltrane",
      "track": "In A Sentimental Mood",
      "uri": "spotify:track:0PrGgNDwfJPNXADJYROvBw"
    },
    {
      "artist": "Hayley Williams",
      "album": "Petals For Armor: Self-Serenades",
      "track": "Simmer - Acoustic",
      "uri": "spotify:track:1uZ6G5qr3ENcrtY5fTZSkh"
    },
    {
      "artist": "Salim–Sulaiman",
      "album": "Pyaar Impossible",
      "track": "Alisha",
      "uri": "spotify:track:5LhYDk8wnGGeaQufZAe7ce"
    },
    {
      "artist": "Kamal.",
      "album": "blue",
      "track": "blue",
      "uri": "spotify:track:7pt64sepCy5QmDrgy9wOJS"
    },
    {
      "artist": "Hailee Steinfeld",
      "album": "Let Me Go (with Alesso, Florida Georgia Line & watt)",
      "track": "Let Me Go (with Alesso, Florida Georgia Line & watt)",
      "uri": "spotify:track:5Gu0PDLN4YJeW75PpBSg9p"
    },
    {
      "artist": "Anarbor",
      "album": "Find a Way",
      "track": "Find a Way",
      "uri": "spotify:track:5jpu6nF10VWvU1Ju4AYWNG"
    },
    {
      "artist": "The Fray",
      "album": "How To Save A Life",
      "track": "How to Save a Life",
      "uri": "spotify:track:5fVZC9GiM4e8vu99W0Xf6J"
    },
    {
      "artist": "The Drums",
      "album": "Portamento",
      "track": "Money",
      "uri": "spotify:track:3VIJBrMpvimHEw5wtPh2wB"
    },
    {
      "artist": "Finger Eleven",
      "album": "Them Vs. You Vs. Me",
      "track": "Paralyzer",
      "uri": "spotify:track:28IEbk5a7twNTbUEvWslUb"
    },
    {
      "artist": "Django Reinhardt",
      "album": "Djangologie Vol6 / 1937",
      "track": "Minor Swing",
      "uri": "spotify:track:0NDjQezJaEC1KX9TfwEfzf"
    },
    {
      "artist": "Olivia Rodrigo",
      "album": "GUTS",
      "track": "get him back!",
      "uri": "spotify:track:2gyxAWHebV7xPYVxqoi86f"
    },
    {
      "artist": "Kendrick Lamar",
      "album": "Mr. Morale & The Big Steppers",
      "track": "Die Hard",
      "uri": "spotify:track:2g6tReTlM2Akp41g0HaeXN"
    },
    {
      "artist": "The Voidz",
      "album": "The Eternal Tao",
      "track": "The Eternal Tao",
      "uri": "spotify:track:1NGodWzGlxxkOrgqHO6g3K"
    },
    {
      "artist": "Stone Temple Pilots",
      "album": "Purple",
      "track": "Interstate Love Song",
      "uri": "spotify:track:1AfYo6cKm3yHsJHdmNoGO1"
    },
    {
      "artist": "Maroon 5",
      "album": "Hands All Over",
      "track": "Misery",
      "uri": "spotify:track:557idQwt2bQnRz9CI0zguR"
    },
    {
      "artist": "The Flaming Lips",
      "album": "The Soft Bulletin",
      "track": "Race For The Prize",
      "uri": "spotify:track:0XczuPchMUnMpsLvHOsg9Y"
    },
    {
      "artist": "Mitski",
      "album": "The Land Is Inhospitable and So Are We",
      "track": "The Frost",
      "uri": "spotify:track:41nIJErYY9goKvnCyG7ov6"
    },
    {
      "artist": "Taylor Swift",
      "album": "Lover",
      "track": "London Boy",
      "uri": "spotify:track:1LLXZFeAHK9R4xUramtUKw"
    },
    {
      "artist": "Stacey Ryan",
      "album": "Fall In Love Alone",
      "track": "Fall In Love Alone",
      "uri": "spotify:track:5xwBIieMMFUmLDgvG4DjFe"
    },
    {
      "artist": "Bea Miller",
      "album": "it's not u it's me",
      "track": "it's not u it's me",
      "uri": "spotify:track:7cLm450e9XaPrEZTSTsfwU"
    },
    {
      "artist": "Bella Poarch",
      "album": "Build a Bitch",
      "track": "Build a Bitch",
      "uri": "spotify:track:7BoobGhD4x5K96Me0hqC8Q"
    },
    {
      "artist": "Bakar",
      "album": "Halo",
      "track": "Hell N Back (feat. Summer Walker)",
      "uri": "spotify:track:0jcw8cJf3TNMZN0BXlueML"
    },
    {
      "artist": "Muse",
      "album": "Simulation Theory",
      "track": "Get up and Fight",
      "uri": "spotify:track:7lvZfms8Bh8QnThBmFTD7a"
    },
    {
      "artist": "Mitski",
      "album": "The Land Is Inhospitable and So Are We",
      "track": "My Love Mine All Mine",
      "uri": "spotify:track:3vkCueOmm7xQDoJ17W1Pm3"
    },
    {
      "artist": "Laufey",
      "album": "From The Start",
      "track": "From The Start",
      "uri": "spotify:track:1Ukxccao1BlWrPhYkcXbwZ"
    },
    {
      "artist": "Carly Rae Jepsen",
      "album": "Emotion",
      "track": "Run Away With Me",
      "uri": "spotify:track:5e0vgBWfwToyphURwynSXa"
    },
    {
      "artist": "Arctic Monkeys",
      "album": "Who The F*** Are Arctic Monkeys?",
      "track": "No Buses",
      "uri": "spotify:track:6mOiT65GFmXgBAviM3lrsE"
    },
    {
      "artist": "Thundercat",
      "album": "It Is What It Is",
      "track": "Funny Thing",
      "uri": "spotify:track:1c5CllrZr45UBhWpIqM332"
    },
    {
      "artist": "Mac DeMarco",
      "album": "One Wayne G",
      "track": "20191009 I Like Her",
      "uri": "spotify:track:3oUn55qKRZ1JFzfQNbJjS1"
    },
    {
      "artist": "a-ha",
      "album": "Hunting High and Low",
      "track": "Take on Me",
      "uri": "spotify:track:2WfaOiMkCvy7F5fcp2zZ8L"
    },
    {
      "artist": "The Strokes",
      "album": "Angles",
      "track": "Taken for a Fool",
      "uri": "spotify:track:6SdAztAqklk1zAmUHhU4N7"
    },
    {
      "artist": "Muse",
      "album": "Drones",
      "track": "Reapers",
      "uri": "spotify:track:1244xKUG27TnmQhUJlo3gU"
    },
    {
      "artist": "Audioslave",
      "album": "Audioslave",
      "track": "Like a Stone",
      "uri": "spotify:track:3YuaBvuZqcwN3CEAyyoaei"
    },
    {
      "artist": "Chance Peña",
      "album": "In My Room",
      "track": "In My Room",
      "uri": "spotify:track:7CiDwKE62N6ey3LyG6s7xc"
    },
    {
      "artist": "Stephen Sanchez",
      "album": "Until I Found You",
      "track": "Until I Found You",
      "uri": "spotify:track:0T5iIrXA4p5GsubkhuBIKV"
    },
    {
      "artist": "Laufey",
      "album": "Bewitched",
      "track": "California and Me",
      "uri": "spotify:track:5VP1yXviUwA0KA0ewit5pe"
    },
    {
      "artist": "Rex Orange County",
      "album": "Bcos U Will Never B Free",
      "track": "Corduroy Dreams",
      "uri": "spotify:track:02tvc9CFnTyHuSRlGeNv9w"
    },
    {
      "artist": "Takayoshi",
      "album": "baby",
      "track": "baby",
      "uri": "spotify:track:3yREqyd7toGDQfcZlQLkP2"
    },
    {
      "artist": "The Dave Brubeck Quartet",
      "album": "Time Out",
      "track": "Take Five",
      "uri": "spotify:track:1YQWosTIljIvxAgHWTp7KP"
    },
    {
      "artist": "ABBA",
      "album": "The Visitors",
      "track": "Slipping Through My Fingers",
      "uri": "spotify:track:6TvxPS4fj4LUdjw2es4g21"
    },
    {
      "artist": "The Lonely Island",
      "album": "Incredibad",
      "track": "Boombox",
      "uri": "spotify:track:0EvSy0XrbY1RHswHv5maqy"
    },
    {
      "artist": "Radiohead",
      "album": "Kid A",
      "track": "Idioteque",
      "uri": "spotify:track:7xqeIdLJSf3bgmZ7vUvHrE"
    },
    {
      "artist": "Eli Wilson",
      "album": "I Always Fall",
      "track": "I Always Fall",
      "uri": "spotify:track:5C2lFN2D09WUp5URTPoEyY"
    },
    {
      "artist": "Arctic Monkeys",
      "album": "The Car",
      "track": "Sculptures Of Anything Goes",
      "uri": "spotify:track:5hljqZrl0h7RcIhUnOPuve"
    },
    {
      "artist": "Ami Mishra",
      "album": "Hamari Adhuri Kahani (Original Motion Picture Soundtrack)",
      "track": "Hasi - Male Version",
      "uri": "spotify:track:32765xcLM1fd6wQIpkN9A0"
    },
    {
      "artist": "Kero Kero Bonito",
      "album": "TOTEP",
      "track": "Cinema",
      "uri": "spotify:track:7lpcsfhzWhzbBjg3QopQYb"
    },
    {
      "artist": "Arctic Monkeys",
      "album": "Whatever People Say I Am, That's What I'm Not",
      "track": "When The Sun Goes Down",
      "uri": "spotify:track:2zzLRQ78kKfPTx8FJQCdC2"
    },
    {
      "artist": "Olivia Rodrigo",
      "album": "deja vu",
      "track": "deja vu",
      "uri": "spotify:track:61KpQadow081I2AsbeLcsb"
    },
    {
      "artist": "Men I Trust",
      "album": "Untourable Album",
      "track": "Tree Among Shrubs",
      "uri": "spotify:track:4JYJU761kWJEK91hyug33F"
    },
    {
      "artist": "Mac DeMarco",
      "album": "2",
      "track": "Freaking Out the Neighborhood",
      "uri": "spotify:track:25SJaCCPiosugnlY53VhRG"
    },
    {
      "artist": "Seafret",
      "album": "Tell Me It's Real",
      "track": "Atlantis",
      "uri": "spotify:track:1Fid2jjqsHViMX6xNH70hE"
    },
    {
      "artist": "Hotel Ugly",
      "album": "Shut up My Moms Calling (Sped up)",
      "track": "Shut up My Moms Calling (Sped up)",
      "uri": "spotify:track:31mzt4ZV8C0f52pIz1NSwd"
    },
    {
      "artist": "Ntr.Mnd",
      "album": "Good Memories",
      "track": "Decisions",
      "uri": "spotify:track:4dMSOKcyNP9W7gTpNz5mWn"
    },
    {
      "artist": "Franz Ferdinand",
      "album": "Franz Ferdinand",
      "track": "This Fire",
      "uri": "spotify:track:3Obu3jvFSfgLF3pSbi64Vj"
    },
    {
      "artist": "The Strokes",
      "album": "The New Abnormal",
      "track": "Why Are Sundays So Depressing",
      "uri": "spotify:track:1aOxOpH4AkGAd8OMrKjyNY"
    },
    {
      "artist": "Freak Slug",
      "album": "Care",
      "track": "Care",
      "uri": "spotify:track:3MklLppNRhuAupVGO3uNW2"
    },
    {
      "artist": "Patrick Watson",
      "album": "Better in the Shade",
      "track": "Ode to Vivian",
      "uri": "spotify:track:5fqYqPWlfQhIkcUY3XAJlm"
    },
    {
      "artist": "Megadeth",
      "album": "Rust In Peace",
      "track": "Holy Wars...The Punishment Due - 2004 Remix",
      "uri": "spotify:track:5LyRtsQLhcXmy50VXhQXXS"
    },
    {
      "artist": "Laufey",
      "album": "Promise",
      "track": "Promise",
      "uri": "spotify:track:4LHq10VKu3fSIg8EeVRi09"
    },
    {
      "artist": "Cage The Elephant",
      "album": "Unpeeled",
      "track": "Instant Crush - Unpeeled",
      "uri": "spotify:track:5uB3cnt54x4akRQHVKVy3Z"
    },
    {
      "artist": "Steve Lacy",
      "album": "The Lo-Fis",
      "track": "Infrunami",
      "uri": "spotify:track:0f8eRy9A0n6zXpKSHSCAEp"
    },
    {
      "artist": "Woodkid",
      "album": "The Golden Age",
      "track": "Run Boy Run",
      "uri": "spotify:track:0boS4e6uXwp3zAvz1mLxZS"
    },
    {
      "artist": "Cage The Elephant",
      "album": "Melophobia",
      "track": "Halo",
      "uri": "spotify:track:00CqEmnPLFKDhAb3cuu6Cs"
    },
    {
      "artist": "The Japanese House",
      "album": "Saw You in a Dream",
      "track": "Saw You in a Dream",
      "uri": "spotify:track:7dujOm8FJcepmVBQjqdswN"
    },
    {
      "artist": "Ariana Grande",
      "album": "eternal sunshine",
      "track": "we can't be friends (wait for your love)",
      "uri": "spotify:track:51ZQ1vr10ffzbwIjDCwqm4"
    },
    {
      "artist": "Foo Fighters",
      "album": "The Colour And The Shape",
      "track": "Everlong",
      "uri": "spotify:track:5UWwZ5lm5PKu6eKsHAGxOk"
    },
    {
      "artist": "Faye Webster",
      "album": "Atlanta Millionaires Club",
      "track": "Kingston",
      "uri": "spotify:track:5WbfFTuIldjL9x7W6y5l7R"
    },
    {
      "artist": "Niccolò Paganini",
      "album": "Paganini's 5th Caprice",
      "track": "Paganini's 5th Caprice",
      "uri": "spotify:track:52D4yEF6guySfKssCsQntn"
    },
    {
      "artist": "Paramore",
      "album": "Brand New Eyes",
      "track": "Careful",
      "uri": "spotify:track:63L9AjBDN3SOMbJlBkFqiZ"
    },
    {
      "artist": "The Strokes",
      "album": "First Impressions Of Earth",
      "track": "Ize of the World",
      "uri": "spotify:track:5dGb7ZtamFp0B1MdxjiMFv"
    },
    {
      "artist": "The Growlers",
      "album": "Casual Acquaintances",
      "track": "Orgasm of Death",
      "uri": "spotify:track:4m3uMuu1gYYjZPtZvTOe6t"
    },
    {
      "artist": "Lamp",
      "album": "ランプ幻想",
      "track": "二十歳の恋",
      "uri": "spotify:track:1EA40FX9aBaKIXwIp83WzL"
    },
    {
      "artist": "Arctic Monkeys",
      "album": "Body Paint",
      "track": "Body Paint",
      "uri": "spotify:track:11jRCxY01k9jvCdUru0EeP"
    },
    {
      "artist": "Kero Kero Bonito",
      "album": "Time 'n' Place",
      "track": "Only Acting",
      "uri": "spotify:track:7DvT05Yuh8SCHlvL1jLhwB"
    },
    {
      "artist": "Conan Gray",
      "album": "Superache",
      "track": "Astronomy",
      "uri": "spotify:track:2JN3ugW1cEahbYw0I5mw5U"
    },
    {
      "artist": "Red Hot Chili Peppers",
      "album": "Californication",
      "track": "Road Trippin'",
      "uri": "spotify:track:7Gpr3kKk4BMgItz6UbI73q"
    },
    {
      "artist": "A Day To Remember",
      "album": "Homesick",
      "track": "If It Means a Lot to You",
      "uri": "spotify:track:6J7cSyvSCnPwv3vqHchEfL"
    },
    {
      "artist": "Conan Gray",
      "album": "Superache",
      "track": "Memories",
      "uri": "spotify:track:5UXJzLFdBn6u9FJTCnoHrH"
    },
    {
      "artist": "Coldplay",
      "album": "Parachutes",
      "track": "Shiver",
      "uri": "spotify:track:0qksx8mV28lztYIZ1om8ml"
    },
    {
      "artist": "Kero Kero Bonito",
      "album": "Flamingo",
      "track": "Flamingo",
      "uri": "spotify:track:3AaiEsiqHO2ylnnOdWninE"
    },
    {
      "artist": "Vishal-Shekhar",
      "album": "Bachna Ae Haseeno",
      "track": "Khuda Jaane",
      "uri": "spotify:track:0gPgdRfB4jdGrlyXS0Vx78"
    },
    {
      "artist": "Penthouse",
      "album": "恋標",
      "track": "恋標",
      "uri": "spotify:track:1KjHPv0YOx8YgxV8nkChtk"
    },
    {
      "artist": "Ed Sheeran",
      "album": "x",
      "track": "Bloodstream",
      "uri": "spotify:track:5mxTOMM0NiRud8VdBxbA2o"
    },
    {
      "artist": "Arcade Fire",
      "album": "The Suburbs",
      "track": "The Suburbs",
      "uri": "spotify:track:2UWdUez9MB9yzL7Y81Mcip"
    },
    {
      "artist": "Vacations",
      "album": "Vibes",
      "track": "Young",
      "uri": "spotify:track:1KIJclzEbNhSVw8tiHPWwE"
    },
    {
      "artist": "Al Foster",
      "album": "Inspirations & Dedications",
      "track": "Our Son",
      "uri": "spotify:track:1dsVIoiV96Goqv1jGbJySI"
    },
    {
      "artist": "The Strokes",
      "album": "Room On Fire",
      "track": "Between Love & Hate",
      "uri": "spotify:track:5OmumaYiHYXUsYZPGLFTYJ"
    },
    {
      "artist": "Djo",
      "album": "Twenty Twenty",
      "track": "Chateau (Feel Alright)",
      "uri": "spotify:track:3vjs2MDHoF9xhylNg6Y9un"
    },
    {
      "artist": "Avenged Sevenfold",
      "album": "Nightmare",
      "track": "Buried Alive",
      "uri": "spotify:track:4veeNpXDK1YRHMTJ1Cppsg"
    },
    {
      "artist": "The Strokes",
      "album": "Room On Fire",
      "track": "12:51",
      "uri": "spotify:track:6Yu1OL8I0D4vjOzYdsXYGK"
    },
    {
      "artist": "Cage The Elephant",
      "album": "Tell Me I'm Pretty",
      "track": "Mess Around",
      "uri": "spotify:track:0X0Lz7LwpiIWcdGqVWaxXD"
    },
    {
      "artist": "Kanye West",
      "album": "Yeezus",
      "track": "Bound 2",
      "uri": "spotify:track:3sNVsP50132BTNlImLx70i"
    },
    {
      "artist": "The Strokes",
      "album": "The New Abnormal",
      "track": "Selfless",
      "uri": "spotify:track:2t0wwvR15fc3K1ey8OiOaN"
    },
    {
      "artist": "Manic Bloom",
      "album": "Manic Bloom EP",
      "track": "Running from the Scene",
      "uri": "spotify:track:3ZWfk4Bi9o4fp7iNAjpXV7"
    },
    {
      "artist": "Brad Mehldau",
      "album": "Mon chien Stupide (Bande originale du film)",
      "track": "Paranoid Android I",
      "uri": "spotify:track:5Jz6iIgLRx5huCdlM8QDts"
    },
    {
      "artist": "New West",
      "album": "Those Eyes",
      "track": "Those Eyes",
      "uri": "spotify:track:50x1Ic8CaXkYNvjmxe3WXy"
    },
    {
      "artist": "Tyler, The Creator",
      "album": "IGOR",
      "track": "IGOR'S THEME",
      "uri": "spotify:track:51RN0kzWd7xeR4th5HsEtW"
    },
    {
      "artist": "Cage The Elephant",
      "album": "Social Cues",
      "track": "Social Cues",
      "uri": "spotify:track:1KuVdyg8d6NlRhbpHxg5UF"
    },
    {
      "artist": "COIN",
      "album": "Dreamland",
      "track": "Crash My Car",
      "uri": "spotify:track:0X5mtNbqxbiTYkwj0CQc2f"
    },
    {
      "artist": "Owl City",
      "album": "Ocean Eyes",
      "track": "Fireflies",
      "uri": "spotify:track:1mr3616BzLdhXfJmLmRsO8"
    },
    {
      "artist": "Justin Hurwitz",
      "album": "La La Land",
      "track": "Mia & Sebastian’s Theme",
      "uri": "spotify:track:1Vk4yRsz0iBzDiZEoFMQyv"
    },
    {
      "artist": "Pink Floyd",
      "album": "The Wall",
      "track": "Another Brick in the Wall, Pt. 2",
      "uri": "spotify:track:4gMgiXfqyzZLMhsksGmbQV"
    },
    {
      "artist": "Yarden",
      "album": "Wetin",
      "track": "Wetin",
      "uri": "spotify:track:3yu5otkADG1ldufrPxABoo"
    },
    {
      "artist": "Kero Kero Bonito",
      "album": "It's Bugsnax!",
      "track": "It's Bugsnax!",
      "uri": "spotify:track:1goNp8FZSjak6UHYsawniU"
    },
    {
      "artist": "Björk",
      "album": "Utopia",
      "track": "Utopia",
      "uri": "spotify:track:5scM1QdRbv1D5yxGvFkQxo"
    },
    {
      "artist": "John Mayer",
      "album": "New Light",
      "track": "New Light",
      "uri": "spotify:track:3bH4HzoZZFq8UpZmI2AMgV"
    },
    {
      "artist": "Cage The Elephant",
      "album": "Melophobia",
      "track": "Take It or Leave It",
      "uri": "spotify:track:43O3Iu8mDJy10i6k8SVRXX"
    },
    {
      "artist": "Niccolò Paganini",
      "album": "Paganini: 24 Caprices",
      "track": "Paganini: 24 Caprices, Op. 1: No. 24 in A Minor",
      "uri": "spotify:track:6cC6h5E351deEGFd7Kh9uy"
    },
    {
      "artist": "Interpol",
      "album": "Turn On The Bright Lights: The Tenth Anniversary Edition (Remastered)",
      "track": "Obstacle 1",
      "uri": "spotify:track:7wvtiQ3o8ELEmk2NjSSPpX"
    },
    {
      "artist": "Guns N' Roses",
      "album": "Use Your Illusion I",
      "track": "November Rain",
      "uri": "spotify:track:3YRCqOhFifThpSRFJ1VWFM"
    },
    {
      "artist": "Sungazer",
      "album": "Sungazer, Vol. 1",
      "track": "Sequence Start",
      "uri": "spotify:track:2Kg42rmivHQggcXxvAoeyX"
    },
    {
      "artist": "Björk",
      "album": "Debut",
      "track": "Like Someone In Love",
      "uri": "spotify:track:61QEkw7VnsH9kWUm1Zjunq"
    },
    {
      "artist": "Arctic Monkeys",
      "album": "Humbug",
      "track": "Cornerstone",
      "uri": "spotify:track:5bsnLiT00hG37qd8p2jdVl"
    },
    {
      "artist": "Cults",
      "album": "Offering",
      "track": "Gilded Lily",
      "uri": "spotify:track:3Z0qLOS0cqWKPHXkbTXmNF"
    },
    {
      "artist": "Alexandra Savior",
      "album": "Belladonna of Sadness",
      "track": "Girlie",
      "uri": "spotify:track:76cqRw0ed5YdOFaQhrwkxE"
    },
    {
      "artist": "Paramore",
      "album": "Re: This Is Why",
      "track": "Sanity (demo)",
      "uri": "spotify:track:2ZbHgxLSjIzqzTuZAwvbZv"
    },
    {
      "artist": "The Strokes",
      "album": "First Impressions Of Earth",
      "track": "Razorblade",
      "uri": "spotify:track:4UF1eupXP9Zz5GpYepyOxI"
    },
    {
      "artist": "Lana Del Rey",
      "album": "Born To Die - The Paradise Edition",
      "track": "Without You",
      "uri": "spotify:track:6g4RVB6qiuySTw9FCV1HEM"
    },
    {
      "artist": "Daft Punk",
      "album": "Random Access Memories",
      "track": "Instant Crush (feat. Julian Casablancas)",
      "uri": "spotify:track:2cGxRwrMyEAp8dEbuZaVv6"
    },
    {
      "artist": "Pavement",
      "album": "Quarantine The Past: The Best Of Pavement",
      "track": "Cut Your Hair",
      "uri": "spotify:track:1CZ2Uxhy8t40kjAmM2zPOD"
    },
    {
      "artist": "Clairo",
      "album": "Flaming Hot Cheetos",
      "track": "Flaming Hot Cheetos",
      "uri": "spotify:track:1F6IbA7di42uPc3cff8PXV"
    },
    {
      "artist": "Takayoshi",
      "album": "unconditionally",
      "track": "unconditionally",
      "uri": "spotify:track:6cI9UEcMQ4cVlVisye8Cde"
    },
    {
      "artist": "Frank Ocean",
      "album": "Blonde",
      "track": "Pink + White",
      "uri": "spotify:track:3xKsf9qdS1CyvXSMEid6g8"
    },
    {
      "artist": "Miki Matsubara",
      "album": "POCKET PARK",
      "track": "真夜中のドア〜stay with me - Original Club Mix Mixed by D.O.I",
      "uri": "spotify:track:7gT9tZRzb2YEBvDIGvBIvZ"
    },
    {
      "artist": "Lemon Demon",
      "album": "Spirit Phone",
      "track": "Cabinet Man",
      "uri": "spotify:track:0lrtYwuy37bJzsO2LHz2kj"
    },
    {
      "artist": "Cage The Elephant",
      "album": "Melophobia",
      "track": "Telescope",
      "uri": "spotify:track:0tkBOcK7oRVXQJY97zzSvr"
    },
    {
      "artist": "Laufey",
      "album": "Bewitched",
      "track": "Letter To My 13 Year Old Self",
      "uri": "spotify:track:59Y1f3y8FuLjadWY9Bx2LC"
    },
    {
      "artist": "Royal Blood",
      "album": "Royal Blood",
      "track": "Loose Change",
      "uri": "spotify:track:48wDtXGVFNZHANlDYTKMAW"
    },
    {
      "artist": "Ashe",
      "album": "Ashlyn",
      "track": "Till Forever Falls Apart",
      "uri": "spotify:track:4x5YzxjrF9wvIIXJV7TveC"
    },
    {
      "artist": "Hayley Williams",
      "album": "Petals For Armor",
      "track": "Dead Horse",
      "uri": "spotify:track:5RdkyZw1KQ1v0EbquUAsx2"
    },
    {
      "artist": "Yo Yo Honey Singh",
      "album": "Desi Kalakaar",
      "track": "Love Dose",
      "uri": "spotify:track:1QZRCi2Z1DQQaR6bGAzhtN"
    },
    {
      "artist": "Surf Curse",
      "album": "Heaven Surrounds You",
      "track": "Disco",
      "uri": "spotify:track:5QOijyvdnZRstMYqrqdusk"
    },
    {
      "artist": "The Daughters Of Eve",
      "album": "Hey Lover / Stand by Me",
      "track": "Hey Lover",
      "uri": "spotify:track:0bhwnn2xqnBUcMZDcXNuII"
    },
    {
      "artist": "Salim Merchant",
      "album": "Paathshaala",
      "track": "Aye Khuda",
      "uri": "spotify:track:1vgVsR5rkXGP4NmUcoroJH"
    },
    {
      "artist": "Lisa Ono",
      "album": "Ono Lisa best 2002-2006",
      "track": "ON THE SUNNY SIDE OF THE STREET - English Version",
      "uri": "spotify:track:4Q2YZBLBTzw8vEJb8mZEdV"
    },
    {
      "artist": "Clairo",
      "album": "Immunity",
      "track": "Bags",
      "uri": "spotify:track:6UFivO2zqqPFPoQYsEMuCc"
    },
    {
      "artist": "Laufey",
      "album": "Everything I Know About Love",
      "track": "Fragile",
      "uri": "spotify:track:608wYP5XWenLz8cOSYjX7X"
    },
    {
      "artist": "Jhung",
      "album": "Always The End",
      "track": "ALWAYS THE END",
      "uri": "spotify:track:4nhISzZIUiwm8w2kUe3nuS"
    },
    {
      "artist": "Bill Evans Trio",
      "album": "Waltz For Debby [Original Jazz Classics Remasters]",
      "track": "My Foolish Heart",
      "uri": "spotify:track:6J973mNweqCDzoGfl2v8SA"
    },
    {
      "artist": "Hayley Williams",
      "album": "Petals For Armor: Self-Serenades",
      "track": "Find Me Here",
      "uri": "spotify:track:5kLdlZBMKayEpIogdgQ5QZ"
    },
    {
      "artist": "Jamiroquai",
      "album": "Rock Dust Light Star",
      "track": "Lifeline",
      "uri": "spotify:track:1d8zGipaKLEMdVVbODeWNa"
    },
    {
      "artist": "RAYE",
      "album": "Escapism. / The Thrill Is Gone.",
      "track": "Escapism.",
      "uri": "spotify:track:5Z2MiIZ5I3jJvvmeWMLbOQ"
    },
    {
      "artist": "The Walters",
      "album": "I Love You So",
      "track": "I Love You So",
      "uri": "spotify:track:4SqWKzw0CbA05TGszDgMlc"
    },
    {
      "artist": "Lana Del Rey",
      "album": "Did you know that there's a tunnel under Ocean Blvd",
      "track": "Let The Light In (feat. Father John Misty)",
      "uri": "spotify:track:4qG7hWhljsqqENL5PaLA2z"
    },
    {
      "artist": "Two Door Cinema Club",
      "album": "Tourist History",
      "track": "What You Know",
      "uri": "spotify:track:4JHg4nNYUJQ5HULcCmI18R"
    },
    {
      "artist": "Lana Del Rey",
      "album": "Born To Die - The Paradise Edition",
      "track": "Million Dollar Man",
      "uri": "spotify:track:7LQKuOaqJrNgVIGLFnfvdn"
    },
    {
      "artist": "Blur",
      "album": "Blur",
      "track": "Beetlebum - 2012 Remaster",
      "uri": "spotify:track:4OHVCeQYPncEwZOtNAJZZx"
    },
    {
      "artist": "JVKE",
      "album": "this is what ____ feels like (Vol. 1-4)",
      "track": "golden hour",
      "uri": "spotify:track:5odlY52u43F5BjByhxg7wg"
    },
    {
      "artist": "Young the Giant",
      "album": "Young The Giant",
      "track": "Cough Syrup",
      "uri": "spotify:track:1UqhkbzB1kuFwt2iy4h29Q"
    },
    {
      "artist": "The Macarons Project",
      "album": "Fly Me to the Moon",
      "track": "Fly Me to the Moon",
      "uri": "spotify:track:0flo3KqhjkcuoB1G6Mhq7s"
    },
    {
      "artist": "The Growlers",
      "album": "Natural Affair",
      "track": "Try Hard Fool",
      "uri": "spotify:track:2RO4CbCaSq8vjrUOegjhyg"
    },
    {
      "artist": "Billie Eilish",
      "album": "WHEN WE ALL FALL ASLEEP, WHERE DO WE GO?",
      "track": "all the good girls go to hell",
      "uri": "spotify:track:6IRdLKIyS4p7XNiP8r6rsx"
    },
    {
      "artist": "Nirvana",
      "album": "Nevermind",
      "track": "In Bloom",
      "uri": "spotify:track:2qdRHMosT8YO3zfEJQXHsW"
    },
    {
      "artist": "Dua Lipa",
      "album": "Future Nostalgia",
      "track": "Break My Heart",
      "uri": "spotify:track:017PF4Q3l4DBUiWoXk4OWT"
    },
    {
      "artist": "Inner Wave",
      "album": "III",
      "track": "American Spirits",
      "uri": "spotify:track:01w1oN1WO5aOThHnLBN8eS"
    },
    {
      "artist": "ASIAN KUNG-FU GENERATION",
      "album": "Re: Re:",
      "track": "Re:Re: (Single ver.)",
      "uri": "spotify:track:7gehOKSGfZgjIJSxiyE8oD"
    },
    {
      "artist": "Sum 41",
      "album": "Chuck",
      "track": "Pieces",
      "uri": "spotify:track:1ibeKVCiXORhvUpMmtsQWq"
    },
    {
      "artist": "Vacations",
      "album": "Vibes",
      "track": "Away",
      "uri": "spotify:track:2NaGl56lq71UMzDSI8jmJ3"
    },
    {
      "artist": "Coldplay",
      "album": "Parachutes",
      "track": "Trouble",
      "uri": "spotify:track:0R8P9KfGJCDULmlEoBagcO"
    },
    {
      "artist": "Lizzy McAlpine",
      "album": "Give Me A Minute",
      "track": "Means Something",
      "uri": "spotify:track:53taBvemC88CMHP2I1xAFX"
    },
    {
      "artist": "Olivia Rodrigo",
      "album": "good 4 u",
      "track": "good 4 u",
      "uri": "spotify:track:6PERP62TejQjgHu81OHxgM"
    }
  ],
  "albums": [
    {
      "artist": "Hayley Williams",
      "album": "Petals For Armor I",
      "uri": "spotify:album:49xgxYRwk2rFF5vEa5pOWW"
    },
    {
      "artist": "Joji",
      "album": "SMITHEREENS",
      "uri": "spotify:album:2hEnymoejldpuxSdTnkard"
    },
    {
      "artist": "Cage The Elephant",
      "album": "Melophobia",
      "uri": "spotify:album:4EK8gtQfdVsmDTji7gBFlz"
    },
    {
      "artist": "Laufey",
      "album": "Bewitched: The Goddess Edition",
      "uri": "spotify:album:1hmlhl74JfLyUqmqtCwvFb"
    },
    {
      "artist": "My Chemical Romance",
      "album": "The Black Parade",
      "uri": "spotify:album:0FZK97MXMm5mUQ8mtudjuK"
    },
    {
      "artist": "Kero Kero Bonito",
      "album": "Civilisation I",
      "uri": "spotify:album:2VBAvyczx4cpON0PCr6hSq"
    },
    {
      "artist": "Olivia Rodrigo",
      "album": "GUTS",
      "uri": "spotify:album:1xJHno7SmdVtZAtXbdbDZp"
    },
    {
      "artist": "Maroon 5",
      "album": "Songs About Jane",
      "uri": "spotify:album:1Rv9WRKyYhFaGbuYDaQunN"
    },
    {
      "artist": "Radiohead",
      "album": "In Rainbows",
      "uri": "spotify:album:7eyQXxuf2nGj9d2367Gi5f"
    },
    {
      "artist": "Paramore",
      "album": "This Is Why",
      "uri": "spotify:album:6tG8sCK4htJOLjlWwb7gZB"
    },
    {
      "artist": "Cage The Elephant",
      "album": "Social Cues",
      "uri": "spotify:album:2VuZJsJBPLwg9BeQFQle8G"
    },
    {
      "artist": "SZA",
      "album": "SOS",
      "uri": "spotify:album:1nrVofqDRs7cpWXJ49qTnP"
    },
    {
      "artist": "Olivia Rodrigo",
      "album": "GUTS (spilled)",
      "uri": "spotify:album:1D06fz3cuob62ysTS8k6gu"
    },
    {
      "artist": "The Strokes",
      "album": "Is This It",
      "uri": "spotify:album:2yNaksHgeMQM9Quse463b5"
    },
    {
      "artist": "A Day To Remember",
      "album": "Common Courtesy",
      "uri": "spotify:album:4q5oXfwP61kQQCV05mLLft"
    },
    {
      "artist": "Taylor Swift",
      "album": "THE TORTURED POETS DEPARTMENT: THE ANTHOLOGY",
      "uri": "spotify:album:5H7ixXZfsNMGbIE5OBSpcb"
    },
    {
      "artist": "Albert Hammond Jr",
      "album": "Francis Trouble",
      "uri": "spotify:album:3SwIjv6JSHkY14XUbOAtkp"
    },
    {
      "artist": "Dua Lipa",
      "album": "Future Nostalgia",
      "uri": "spotify:album:7fJJK56U9fHixgO0HQkhtI"
    },
    {
      "artist": "Kero Kero Bonito",
      "album": "TOTEP",
      "uri": "spotify:album:2bHWvi7BGs8Y6QdxNkz3kH"
    },
    {
      "artist": "Paramore",
      "album": "Paramore",
      "uri": "spotify:album:4sgYpkIASM1jVlNC8Wp9oF"
    },
    {
      "artist": "Kero Kero Bonito",
      "album": "TOTEP",
      "uri": "spotify:album:59qMNeLYyUvxNBO3hXgtE5"
    },
    {
      "artist": "The Weeknd",
      "album": "After Hours",
      "uri": "spotify:album:4yP0hdKOZPNshxUOjY0cZj"
    },
    {
      "artist": "Laufey",
      "album": "Goddess",
      "uri": "spotify:album:6iud55ph203oHsmq9VQBRQ"
    },
    {
      "artist": "Paramore",
      "album": "Brand New Eyes",
      "uri": "spotify:album:27UqZoE1kV6sIV6uQcI28A"
    }
  ],
  "shows": [
  ],
  "episodes": [
    {
      "name": "Relaxing Rain Sounds for Deep Sleep | 2 Hours",
      "show": "Let's Find Out",
      "uri": "spotify:episode:4ZjiY5692n0Nev7q38tMvB"
    }
  ],
  "bannedTracks": [
  ],
  "artists": [
    {
      "name": "Arctic Monkeys",
      "uri": "spotify:artist:7Ln80lUS6He07XvHI8qqHH"
    },
    {
      "name": "Dua Lipa",
      "uri": "spotify:artist:6M2wZ9GZgrQXHCFfjv46we"
    },
    {
      "name": "FINNEAS",
      "uri": "spotify:artist:37M5pPGs6V1fchFJSgCguX"
    },
    {
      "name": "Hayley Williams",
      "uri": "spotify:artist:6Rx1JKzBrSzoKQtmbVmBnM"
    },
    {
      "name": "Kero Kero Bonito",
      "uri": "spotify:artist:6OqhFYFJDnBBHas02HopPT"
    },
    {
      "name": "Laufey",
      "uri": "spotify:artist:7gW0r5CkdEUMm42w9XpyZO"
    },
    {
      "name": "Linkin Park",
      "uri": "spotify:artist:6XyY86QOPPrYVGvF9ch6wz"
    },
    {
      "name": "Mitski",
      "uri": "spotify:artist:2uYWxilOVlUdk4oV9DvwqK"
    },
    {
      "name": "Paramore",
      "uri": "spotify:artist:74XFHRwlV6OrjEM0A2NCMF"
    },
    {
      "name": "Radiohead",
      "uri": "spotify:artist:4Z8W4fKeB5YxbusRsdQVPb"
    },
    {
      "name": "Takayoshi",
      "uri": "spotify:artist:6LszZyd03prLB8lIPbZ9Uo"
    },
    {
      "name": "The Marías",
      "uri": "spotify:artist:2sSGPbdZJkaSE2AbcGOACx"
    },
    {
      "name": "The Strokes",
      "uri": "spotify:artist:0epOFNiUfyON9EYx7Tpr6V"
    }
  ],
  "bannedArtists": [
  ],
  "other": [
  ]
}