{
  "stats": [
    {
      "date": "2024-06",
      "streamCount": 527,
      "secondsPlayed": 87488,
      "topTracks": [
        {
          "name": "Please Please Please",
          "streamCount": 36,
          "secondsPlayed": 7044
        },
        {
          "name": "Take A Bite",
          "streamCount": 20,
          "secondsPlayed": 2662
        },
        {
          "name": "LUNCH",
          "streamCount": 18,
          "secondsPlayed": 2337
        },
        {
          "name": "logical",
          "streamCount": 18,
          "secondsPlayed": 4953
        },
        {
          "name": "Family Line",
          "streamCount": 17,
          "secondsPlayed": 4006
        },
        {
          "name": "Espresso",
          "streamCount": 15,
          "secondsPlayed": 2052
        },
        {
          "name": "Bored",
          "streamCount": 14,
          "secondsPlayed": 2658
        },
        {
          "name": "love is embarrassing",
          "streamCount": 14,
          "secondsPlayed": 2020
        },
        {
          "name": "Nasty",
          "streamCount": 13,
          "secondsPlayed": 1129
        },
        {
          "name": "Not Like Us",
          "streamCount": 12,
          "secondsPlayed": 1502
        }
      ],
      "topArtists": [
        {
          "name": "Olivia Rodrigo",
          "streamCount": 56,
          "secondsPlayed": 10864
        },
        {
          "name": "Taylor Swift",
          "streamCount": 51,
          "secondsPlayed": 10799
        },
        {
          "name": "Sabrina Carpenter",
          "streamCount": 58,
          "secondsPlayed": 10122
        },
        {
          "name": "Laufey",
          "streamCount": 48,
          "secondsPlayed": 9038
        },
        {
          "name": "The Strokes",
          "streamCount": 30,
          "secondsPlayed": 5824
        },
        {
          "name": "Conan Gray",
          "streamCount": 21,
          "secondsPlayed": 4556
        },
        {
          "name": "Gracie Abrams",
          "streamCount": 21,
          "secondsPlayed": 4017
        },
        {
          "name": "beabadoobee",
          "streamCount": 29,
          "secondsPlayed": 3736
        },
        {
          "name": "Arctic Monkeys",
          "streamCount": 18,
          "secondsPlayed": 3035
        },
        {
          "name": "Billie Eilish",
          "streamCount": 21,
          "secondsPlayed": 2865
        }
      ],
      "topGenres": [
        {
          "name": "female pop",
          "streamCount": 128,
          "secondsPlayed": 28741
        },
        {
          "name": "girly pop",
          "streamCount": 106,
          "secondsPlayed": 20985
        },
        {
          "name": "pop",
          "streamCount": 95,
          "secondsPlayed": 19895
        },
        {
          "name": "indie",
          "streamCount": 67,
          "secondsPlayed": 12193
        },
        {
          "name": "indie rock",
          "streamCount": 49,
          "secondsPlayed": 9046
        },
        {
          "name": "alternative",
          "streamCount": 46,
          "secondsPlayed": 8579
        },
        {
          "name": "modern rock",
          "streamCount": 46,
          "secondsPlayed": 8448
        },
        {
          "name": "alternative rock",
          "streamCount": 45,
          "secondsPlayed": 8390
        },
        {
          "name": "jazz pop",
          "streamCount": 40,
          "secondsPlayed": 8063
        },
        {
          "name": "alternative indie",
          "streamCount": 42,
          "secondsPlayed": 7840
        }
      ],
      "timeOfDayStats": [
        {
          "period": "late_evening",
          "secondsPlayed": 12942
        },
        {
          "period": "afternoon",
          "secondsPlayed": 28633
        },
        {
          "period": "morning",
          "secondsPlayed": 19541
        },
        {
          "period": "evening",
          "secondsPlayed": 18657
        },
        {
          "period": "early_morning",
          "secondsPlayed": 5190
        },
        {
          "period": "night",
          "secondsPlayed": 2513
        }
      ]
    },
    {
      "date": "2024-05",
      "streamCount": 638,
      "secondsPlayed": 108542,
      "topTracks": [
        {
          "name": "Espresso",
          "streamCount": 38,
          "secondsPlayed": 6632
        },
        {
          "name": "Bored",
          "streamCount": 20,
          "secondsPlayed": 6199
        },
        {
          "name": "so american",
          "streamCount": 20,
          "secondsPlayed": 3219
        },
        {
          "name": "obsessed",
          "streamCount": 15,
          "secondsPlayed": 2513
        },
        {
          "name": "Best Friend",
          "streamCount": 14,
          "secondsPlayed": 2461
        },
        {
          "name": "love is embarrassing",
          "streamCount": 12,
          "secondsPlayed": 2209
        },
        {
          "name": "LUNCH",
          "streamCount": 12,
          "secondsPlayed": 1774
        },
        {
          "name": "From The Start",
          "streamCount": 10,
          "secondsPlayed": 1439
        },
        {
          "name": "Nonsense",
          "streamCount": 8,
          "secondsPlayed": 944
        },
        {
          "name": "Valentine",
          "streamCount": 8,
          "secondsPlayed": 1269
        }
      ],
      "topArtists": [
        {
          "name": "Laufey",
          "streamCount": 134,
          "secondsPlayed": 27269
        },
        {
          "name": "Olivia Rodrigo",
          "streamCount": 74,
          "secondsPlayed": 12707
        },
        {
          "name": "Sabrina Carpenter",
          "streamCount": 65,
          "secondsPlayed": 10298
        },
        {
          "name": "Taylor Swift",
          "streamCount": 38,
          "secondsPlayed": 9150
        },
        {
          "name": "Billie Eilish",
          "streamCount": 26,
          "secondsPlayed": 3873
        },
        {
          "name": "Doja Cat",
          "streamCount": 17,
          "secondsPlayed": 3201
        },
        {
          "name": "Pritam",
          "streamCount": 14,
          "secondsPlayed": 2284
        },
        {
          "name": "Conan Gray",
          "streamCount": 10,
          "secondsPlayed": 1855
        },
        {
          "name": "Mitski",
          "streamCount": 12,
          "secondsPlayed": 1605
        },
        {
          "name": "BLACKPINK",
          "streamCount": 11,
          "secondsPlayed": 1532
        }
      ],
      "topGenres": [
        {
          "name": "jazz pop",
          "streamCount": 121,
          "secondsPlayed": 27064
        },
        {
          "name": "female pop",
          "streamCount": 125,
          "secondsPlayed": 25825
        },
        {
          "name": "girly pop",
          "streamCount": 118,
          "secondsPlayed": 25021
        },
        {
          "name": "jazz",
          "streamCount": 75,
          "secondsPlayed": 17546
        },
        {
          "name": "romantic",
          "streamCount": 90,
          "secondsPlayed": 17032
        },
        {
          "name": "pop",
          "streamCount": 75,
          "secondsPlayed": 16008
        },
        {
          "name": "bubblegum pop",
          "streamCount": 54,
          "secondsPlayed": 11672
        },
        {
          "name": "bollywood",
          "streamCount": 65,
          "secondsPlayed": 9556
        },
        {
          "name": "love song",
          "streamCount": 42,
          "secondsPlayed": 6672
        }
      ],
      "timeOfDayStats": [
        {
          "period": "late_evening",
          "secondsPlayed": 27503
        },
        {
          "period": "afternoon",
          "secondsPlayed": 25250
        },
        {
          "period": "morning",
          "secondsPlayed": 14828
        },
        {
          "period": "evening",
          "secondsPlayed": 37642
        },
        {
          "period": "early_morning",
          "secondsPlayed": 3033
        },
        {
          "period": "night",
          "secondsPlayed": 268
        }
      ]
    },
    {
      "date": "2024-04",
      "streamCount": 444,
      "secondsPlayed": 73468,
      "topTracks": [
        {
          "name": "so american",
          "streamCount": 28,
          "secondsPlayed": 4247
        },
        {
          "name": "obsessed",
          "streamCount": 26,
          "secondsPlayed": 4561
        },
        {
          "name": "the lakes - bonus track",
          "streamCount": 12,
          "secondsPlayed": 1988
        },
        {
          "name": "Goddess",
          "streamCount": 11,
          "secondsPlayed": 2802
        },
        {
          "name": "End of Beginning",
          "streamCount": 11,
          "secondsPlayed": 1565
        },
        {
          "name": "Espresso",
          "streamCount": 11,
          "secondsPlayed": 2327
        },
        {
          "name": "Would've, Could've, Should've",
          "streamCount": 10,
          "secondsPlayed": 3626
        },
        {
          "name": "this is me trying",
          "streamCount": 9,
          "secondsPlayed": 1547
        },
        {
          "name": "I miss you, I’m sorry",
          "streamCount": 9,
          "secondsPlayed": 1363
        },
        {
          "name": "Best Friend",
          "streamCount": 8,
          "secondsPlayed": 1478
        }
      ],
      "topArtists": [
        {
          "name": "Taylor Swift",
          "streamCount": 75,
          "secondsPlayed": 15090
        },
        {
          "name": "Olivia Rodrigo",
          "streamCount": 78,
          "secondsPlayed": 12819
        },
        {
          "name": "Laufey",
          "streamCount": 50,
          "secondsPlayed": 9596
        },
        {
          "name": "Sabrina Carpenter",
          "streamCount": 18,
          "secondsPlayed": 3110
        },
        {
          "name": "Paramore",
          "streamCount": 15,
          "secondsPlayed": 2893
        },
        {
          "name": "Billie Eilish",
          "streamCount": 11,
          "secondsPlayed": 2188
        },
        {
          "name": "Mitski",
          "streamCount": 14,
          "secondsPlayed": 1749
        },
        {
          "name": "Djo",
          "streamCount": 11,
          "secondsPlayed": 1565
        },
        {
          "name": "The Weeknd",
          "streamCount": 10,
          "secondsPlayed": 1425
        },
        {
          "name": "NIKI",
          "streamCount": 7,
          "secondsPlayed": 1372
        }
      ],
      "topGenres": [
        {
          "name": "female pop",
          "streamCount": 97,
          "secondsPlayed": 19129
        },
        {
          "name": "girly pop",
          "streamCount": 88,
          "secondsPlayed": 17342
        },
        {
          "name": "jazz pop",
          "streamCount": 43,
          "secondsPlayed": 9418
        },
        {
          "name": "romantic",
          "streamCount": 54,
          "secondsPlayed": 9194
        },
        {
          "name": "pop",
          "streamCount": 39,
          "secondsPlayed": 7215
        },
        {
          "name": "love song",
          "streamCount": 38,
          "secondsPlayed": 6109
        },
        {
          "name": "western",
          "streamCount": 27,
          "secondsPlayed": 4886
        },
        {
          "name": "bubblegum pop",
          "streamCount": 23,
          "secondsPlayed": 4524
        }
      ],
      "timeOfDayStats": [
        {
          "period": "late_evening",
          "secondsPlayed": 27620
        },
        {
          "period": "afternoon",
          "secondsPlayed": 9973
        },
        {
          "period": "morning",
          "secondsPlayed": 14120
        },
        {
          "period": "evening",
          "secondsPlayed": 19292
        },
        {
          "period": "early_morning",
          "secondsPlayed": 1716
        },
        {
          "period": "night",
          "secondsPlayed": 727
        }
      ]
    },
    {
      "date": "2024-03",
      "streamCount": 689,
      "secondsPlayed": 118288,
      "topTracks": [
        {
          "name": "I miss you, I’m sorry",
          "streamCount": 24,
          "secondsPlayed": 4360
        },
        {
          "name": "Goddess",
          "streamCount": 21,
          "secondsPlayed": 6268
        },
        {
          "name": "dear parents",
          "streamCount": 19,
          "secondsPlayed": 3331
        },
        {
          "name": "You're On Your Own, Kid",
          "streamCount": 14,
          "secondsPlayed": 2767
        },
        {
          "name": "Best Friend",
          "streamCount": 13,
          "secondsPlayed": 2599
        },
        {
          "name": "obsessed",
          "streamCount": 13,
          "secondsPlayed": 2256
        },
        {
          "name": "End of Beginning",
          "streamCount": 13,
          "secondsPlayed": 1721
        },
        {
          "name": "\"Slut!\" (Taylor's Version) (From The Vault)",
          "streamCount": 12,
          "secondsPlayed": 1895
        },
        {
          "name": "so american",
          "streamCount": 11,
          "secondsPlayed": 2178
        },
        {
          "name": "this is me trying",
          "streamCount": 10,
          "secondsPlayed": 1694
        }
      ],
      "topArtists": [
        {
          "name": "Taylor Swift",
          "streamCount": 107,
          "secondsPlayed": 19778
        },
        {
          "name": "Laufey",
          "streamCount": 79,
          "secondsPlayed": 16774
        },
        {
          "name": "Olivia Rodrigo",
          "streamCount": 60,
          "secondsPlayed": 10676
        },
        {
          "name": "Atif Aslam",
          "streamCount": 18,
          "secondsPlayed": 4472
        },
        {
          "name": "Gracie Abrams",
          "streamCount": 24,
          "secondsPlayed": 4360
        },
        {
          "name": "sundial",
          "streamCount": 22,
          "secondsPlayed": 4160
        },
        {
          "name": "Pritam",
          "streamCount": 19,
          "secondsPlayed": 3498
        },
        {
          "name": "Various Artists",
          "streamCount": 17,
          "secondsPlayed": 3248
        },
        {
          "name": "Mitski",
          "streamCount": 16,
          "secondsPlayed": 2792
        },
        {
          "name": "Shreya Ghoshal",
          "streamCount": 9,
          "secondsPlayed": 2599
        }
      ],
      "topGenres": [
        {
          "name": "romantic",
          "streamCount": 120,
          "secondsPlayed": 23633
        },
        {
          "name": "female pop",
          "streamCount": 98,
          "secondsPlayed": 19877
        },
        {
          "name": "jazz pop",
          "streamCount": 72,
          "secondsPlayed": 16452
        },
        {
          "name": "bollywood",
          "streamCount": 84,
          "secondsPlayed": 15736
        },
        {
          "name": "girly pop",
          "streamCount": 74,
          "secondsPlayed": 13137
        },
        {
          "name": "pop",
          "streamCount": 70,
          "secondsPlayed": 12797
        },
        {
          "name": "love song",
          "streamCount": 48,
          "secondsPlayed": 9718
        },
        {
          "name": "indie",
          "streamCount": 41,
          "secondsPlayed": 6524
        }
      ],
      "timeOfDayStats": [
        {
          "period": "late_evening",
          "secondsPlayed": 21013
        },
        {
          "period": "afternoon",
          "secondsPlayed": 21916
        },
        {
          "period": "morning",
          "secondsPlayed": 24098
        },
        {
          "period": "evening",
          "secondsPlayed": 33853
        },
        {
          "period": "early_morning",
          "secondsPlayed": 11289
        },
        {
          "period": "night",
          "secondsPlayed": 6368
        }
      ]
    },
    {
      "date": "2024-02",
      "streamCount": 785,
      "secondsPlayed": 125782,
      "topTracks": [
        {
          "name": "Francis Forever",
          "streamCount": 25,
          "secondsPlayed": 4097
        },
        {
          "name": "Be Kind (with Halsey)",
          "streamCount": 21,
          "secondsPlayed": 4475
        },
        {
          "name": "You're On Your Own, Kid",
          "streamCount": 19,
          "secondsPlayed": 4231
        },
        {
          "name": "Without Me",
          "streamCount": 16,
          "secondsPlayed": 3577
        },
        {
          "name": "Best Friend",
          "streamCount": 15,
          "secondsPlayed": 2409
        },
        {
          "name": "Kaise Hua (From \"Kabir Singh\")",
          "streamCount": 14,
          "secondsPlayed": 2119
        },
        {
          "name": "love is embarrassing",
          "streamCount": 14,
          "secondsPlayed": 2104
        },
        {
          "name": "this is me trying",
          "streamCount": 14,
          "secondsPlayed": 2806
        },
        {
          "name": "Feather",
          "streamCount": 13,
          "secondsPlayed": 1780
        },
        {
          "name": "greedy",
          "streamCount": 12,
          "secondsPlayed": 1152
        }
      ],
      "topArtists": [
        {
          "name": "Laufey",
          "streamCount": 138,
          "secondsPlayed": 23798
        },
        {
          "name": "Taylor Swift",
          "streamCount": 81,
          "secondsPlayed": 16266
        },
        {
          "name": "Halsey",
          "streamCount": 40,
          "secondsPlayed": 8343
        },
        {
          "name": "Olivia Rodrigo",
          "streamCount": 44,
          "secondsPlayed": 7333
        },
        {
          "name": "Mitski",
          "streamCount": 50,
          "secondsPlayed": 7141
        },
        {
          "name": "Paramore",
          "streamCount": 26,
          "secondsPlayed": 5095
        },
        {
          "name": "Arctic Monkeys",
          "streamCount": 28,
          "secondsPlayed": 4972
        },
        {
          "name": "Marshmello",
          "streamCount": 22,
          "secondsPlayed": 4657
        },
        {
          "name": "Sabrina Carpenter",
          "streamCount": 22,
          "secondsPlayed": 3039
        },
        {
          "name": "The Strokes",
          "streamCount": 16,
          "secondsPlayed": 2864
        }
      ],
      "topGenres": [
        {
          "name": "romantic",
          "streamCount": 146,
          "secondsPlayed": 25937
        },
        {
          "name": "jazz pop",
          "streamCount": 127,
          "secondsPlayed": 23236
        },
        {
          "name": "pop",
          "streamCount": 87,
          "secondsPlayed": 17187
        },
        {
          "name": "female pop",
          "streamCount": 86,
          "secondsPlayed": 14490
        },
        {
          "name": "indie",
          "streamCount": 71,
          "secondsPlayed": 13777
        },
        {
          "name": "modern jazz",
          "streamCount": 77,
          "secondsPlayed": 13752
        },
        {
          "name": "love song",
          "streamCount": 67,
          "secondsPlayed": 12696
        }
      ],
      "timeOfDayStats": [
        {
          "period": "late_evening",
          "secondsPlayed": 17730
        },
        {
          "period": "afternoon",
          "secondsPlayed": 18289
        },
        {
          "period": "morning",
          "secondsPlayed": 32929
        },
        {
          "period": "evening",
          "secondsPlayed": 38898
        },
        {
          "period": "early_morning",
          "secondsPlayed": 17718
        },
        {
          "period": "night",
          "secondsPlayed": 188
        }
      ]
    },
    {
      "date": "2024-01",
      "streamCount": 689,
      "secondsPlayed": 115347,
      "topTracks": [
        {
          "name": "You're On Your Own, Kid",
          "streamCount": 22,
          "secondsPlayed": 5583
        },
        {
          "name": "Feather",
          "streamCount": 21,
          "secondsPlayed": 3401
        },
        {
          "name": "lacy",
          "streamCount": 19,
          "secondsPlayed": 3313
        },
        {
          "name": "Can’t Catch Me Now - from The Hunger Games: The Ballad of Songbirds & Snakes",
          "streamCount": 14,
          "secondsPlayed": 3098
        },
        {
          "name": "love is embarrassing",
          "streamCount": 13,
          "secondsPlayed": 2122
        },
        {
          "name": "Magnolia",
          "streamCount": 12,
          "secondsPlayed": 1983
        },
        {
          "name": "greedy",
          "streamCount": 12,
          "secondsPlayed": 1142
        },
        {
          "name": "Feather - Sped Up",
          "streamCount": 12,
          "secondsPlayed": 1621
        },
        {
          "name": "all-american bitch",
          "streamCount": 12,
          "secondsPlayed": 1890
        },
        {
          "name": "Strangers",
          "streamCount": 12,
          "secondsPlayed": 1777
        }
      ],
      "topArtists": [
        {
          "name": "Laufey",
          "streamCount": 85,
          "secondsPlayed": 14415
        },
        {
          "name": "Taylor Swift",
          "streamCount": 72,
          "secondsPlayed": 14278
        },
        {
          "name": "Olivia Rodrigo",
          "streamCount": 75,
          "secondsPlayed": 14101
        },
        {
          "name": "Sabrina Carpenter",
          "streamCount": 53,
          "secondsPlayed": 8134
        },
        {
          "name": "Paramore",
          "streamCount": 25,
          "secondsPlayed": 4653
        },
        {
          "name": "Vishal Mishra",
          "streamCount": 11,
          "secondsPlayed": 3017
        },
        {
          "name": "Pritam",
          "streamCount": 17,
          "secondsPlayed": 2946
        },
        {
          "name": "Lana Del Rey",
          "streamCount": 14,
          "secondsPlayed": 2788
        },
        {
          "name": "Conan Gray",
          "streamCount": 16,
          "secondsPlayed": 2722
        },
        {
          "name": "Anuv Jain",
          "streamCount": 10,
          "secondsPlayed": 2685
        }
      ],
      "topGenres": [
        {
          "name": "romantic",
          "streamCount": 102,
          "secondsPlayed": 21749
        },
        {
          "name": "female pop",
          "streamCount": 99,
          "secondsPlayed": 17261
        },
        {
          "name": "girly pop",
          "streamCount": 90,
          "secondsPlayed": 15685
        },
        {
          "name": "pop",
          "streamCount": 95,
          "secondsPlayed": 15496
        },
        {
          "name": "strut",
          "streamCount": 84,
          "secondsPlayed": 14109
        },
        {
          "name": "jazz pop",
          "streamCount": 77,
          "secondsPlayed": 14040
        },
        {
          "name": "bollywood",
          "streamCount": 59,
          "secondsPlayed": 11555
        },
        {
          "name": "love song",
          "streamCount": 54,
          "secondsPlayed": 9820
        }
      ],
      "timeOfDayStats": [
        {
          "period": "early_morning",
          "secondsPlayed": 18614
        },
        {
          "period": "late_evening",
          "secondsPlayed": 18185
        },
        {
          "period": "afternoon",
          "secondsPlayed": 15237
        },
        {
          "period": "morning",
          "secondsPlayed": 27871
        },
        {
          "period": "evening",
          "secondsPlayed": 35412
        }
      ]
    },
    {
      "date": "2023-12",
      "streamCount": 723,
      "secondsPlayed": 118026,
      "topTracks": [
        {
          "name": "love is embarrassing",
          "streamCount": 28,
          "secondsPlayed": 5959
        },
        {
          "name": "My Love Mine All Mine",
          "streamCount": 24,
          "secondsPlayed": 3124
        },
        {
          "name": "Feather",
          "streamCount": 24,
          "secondsPlayed": 3609
        },
        {
          "name": "the grudge",
          "streamCount": 20,
          "secondsPlayed": 3764
        },
        {
          "name": "Duvet",
          "streamCount": 17,
          "secondsPlayed": 2472
        },
        {
          "name": "greedy",
          "streamCount": 16,
          "secondsPlayed": 1565
        },
        {
          "name": "Promise",
          "streamCount": 16,
          "secondsPlayed": 2940
        },
        {
          "name": "all-american bitch",
          "streamCount": 16,
          "secondsPlayed": 2482
        },
        {
          "name": "Strangers",
          "streamCount": 12,
          "secondsPlayed": 1781
        },
        {
          "name": "making the bed",
          "streamCount": 11,
          "secondsPlayed": 2186
        }
      ],
      "topArtists": [
        {
          "name": "Laufey",
          "streamCount": 108,
          "secondsPlayed": 18426
        },
        {
          "name": "Olivia Rodrigo",
          "streamCount": 96,
          "secondsPlayed": 17698
        },
        {
          "name": "Taylor Swift",
          "streamCount": 63,
          "secondsPlayed": 11685
        },
        {
          "name": "Sabrina Carpenter",
          "streamCount": 51,
          "secondsPlayed": 7583
        },
        {
          "name": "Mitski",
          "streamCount": 26,
          "secondsPlayed": 3367
        },
        {
          "name": "The Strokes",
          "streamCount": 14,
          "secondsPlayed": 3334
        },
        {
          "name": "Lana Del Rey",
          "streamCount": 19,
          "secondsPlayed": 2831
        },
        {
          "name": "bôa",
          "streamCount": 18,
          "secondsPlayed": 2618
        },
        {
          "name": "Philharmonia Orchestra",
          "streamCount": 10,
          "secondsPlayed": 2537
        },
        {
          "name": "Hayley Williams",
          "streamCount": 12,
          "secondsPlayed": 2434
        }
      ],
      "topGenres": [
        {
          "name": "romantic",
          "streamCount": 143,
          "secondsPlayed": 26996
        },
        {
          "name": "female pop",
          "streamCount": 113,
          "secondsPlayed": 23471
        },
        {
          "name": "girly pop",
          "streamCount": 112,
          "secondsPlayed": 22306
        },
        {
          "name": "strut",
          "streamCount": 96,
          "secondsPlayed": 19644
        },
        {
          "name": "jazz pop",
          "streamCount": 83,
          "secondsPlayed": 15871
        },
        {
          "name": "love song",
          "streamCount": 74,
          "secondsPlayed": 14094
        },
        {
          "name": "indie",
          "streamCount": 64,
          "secondsPlayed": 11945
        },
        {
          "name": "pop",
          "streamCount": 64,
          "secondsPlayed": 10848
        }
      ],
      "timeOfDayStats": [
        {
          "period": "late_evening",
          "secondsPlayed": 4089216
        },
        {
          "period": "afternoon",
          "secondsPlayed": 8344538
        },
        {
          "period": "morning",
          "secondsPlayed": 4844122
        },
        {
          "period": "evening",
          "secondsPlayed": 7437763
        },
        {
          "period": "early_morning",
          "secondsPlayed": 5093695
        },
        {
          "period": "night",
          "secondsPlayed": 554645
        }
      ]
    },
    {
      "date": "2023-11",
      "streamCount": 222,
      "secondsPlayed": 36404,
      "topTracks": [
        {
          "name": "making the bed",
          "streamCount": 10,
          "secondsPlayed": 2381
        },
        {
          "name": "ceilings",
          "streamCount": 9,
          "secondsPlayed": 1603
        },
        {
          "name": "willow",
          "streamCount": 8,
          "secondsPlayed": 1394
        },
        {
          "name": "the grudge",
          "streamCount": 8,
          "secondsPlayed": 1718
        },
        {
          "name": "illicit affairs",
          "streamCount": 7,
          "secondsPlayed": 1283
        },
        {
          "name": "Feather",
          "streamCount": 7,
          "secondsPlayed": 1277
        },
        {
          "name": "You Need To Calm Down",
          "streamCount": 6,
          "secondsPlayed": 795
        },
        {
          "name": "cardigan",
          "streamCount": 5,
          "secondsPlayed": 955
        },
        {
          "name": "all-american bitch",
          "streamCount": 5,
          "secondsPlayed": 817
        },
        {
          "name": "Strangers",
          "streamCount": 5,
          "secondsPlayed": 489
        }
      ],
      "topArtists": [
        {
          "name": "Taylor Swift",
          "streamCount": 55,
          "secondsPlayed": 9232
        },
        {
          "name": "Olivia Rodrigo",
          "streamCount": 39,
          "secondsPlayed": 7565
        },
        {
          "name": "Laufey",
          "streamCount": 12,
          "secondsPlayed": 1958
        },
        {
          "name": "Lizzy McAlpine",
          "streamCount": 9,
          "secondsPlayed": 1603
        },
        {
          "name": "Sabrina Carpenter",
          "streamCount": 9,
          "secondsPlayed": 1489
        },
        {
          "name": "Lana Del Rey",
          "streamCount": 7,
          "secondsPlayed": 1337
        },
        {
          "name": "Billie Eilish",
          "streamCount": 7,
          "secondsPlayed": 1014
        },
        {
          "name": "Arctic Monkeys",
          "streamCount": 7,
          "secondsPlayed": 966
        },
        {
          "name": "Coldplay",
          "streamCount": 4,
          "secondsPlayed": 908
        },
        {
          "name": "Stephen Sanchez",
          "streamCount": 4,
          "secondsPlayed": 754
        }
      ],
      "topGenres": [
        {
          "name": "female pop",
          "streamCount": 41,
          "secondsPlayed": 8818
        },
        {
          "name": "slow pop",
          "streamCount": 26,
          "secondsPlayed": 6827
        },
        {
          "name": "pop",
          "streamCount": 31,
          "secondsPlayed": 5379
        },
        {
          "name": "girly pop",
          "streamCount": 25,
          "secondsPlayed": 4974
        },
        {
          "name": "strut",
          "streamCount": 25,
          "secondsPlayed": 4881
        },
        {
          "name": "romantic",
          "streamCount": 25,
          "secondsPlayed": 3735
        },
        {
          "name": "love song",
          "streamCount": 20,
          "secondsPlayed": 3288
        }
      ],
      "timeOfDayStats": [
        {
          "period": "late_evening",
          "secondsPlayed": 1777920
        },
        {
          "period": "afternoon",
          "secondsPlayed": 3628060
        },
        {
          "period": "morning",
          "secondsPlayed": 2106140
        },
        {
          "period": "evening",
          "secondsPlayed": 3233810
        },
        {
          "period": "early_morning",
          "secondsPlayed": 2214650
        },
        {
          "period": "night",
          "secondsPlayed": 241150
        }
      ]
    },
    {
      "date": "2023-10",
      "streamCount": 818,
      "secondsPlayed": 131364,
      "topTracks": [
        {
          "name": "all-american bitch",
          "streamCount": 28,
          "secondsPlayed": 4380
        },
        {
          "name": "Promise",
          "streamCount": 25,
          "secondsPlayed": 4818
        },
        {
          "name": "Duvet",
          "streamCount": 23,
          "secondsPlayed": 3953
        },
        {
          "name": "the grudge",
          "streamCount": 21,
          "secondsPlayed": 4148
        },
        {
          "name": "Kingston",
          "streamCount": 18,
          "secondsPlayed": 2190
        },
        {
          "name": "Luxury",
          "streamCount": 18,
          "secondsPlayed": 2660
        },
        {
          "name": "Popular (with Playboi Carti & Madonna) - From The Idol Vol. 1 (Music from the HBO Original Series)",
          "streamCount": 17,
          "secondsPlayed": 2834
        },
        {
          "name": "Feather",
          "streamCount": 15,
          "secondsPlayed": 2551
        },
        {
          "name": "Good Looking",
          "streamCount": 14,
          "secondsPlayed": 2007
        },
        {
          "name": "From The Start",
          "streamCount": 13,
          "secondsPlayed": 1825
        }
      ],
      "topArtists": [
        {
          "name": "Taylor Swift",
          "streamCount": 117,
          "secondsPlayed": 22382
        },
        {
          "name": "Olivia Rodrigo",
          "streamCount": 97,
          "secondsPlayed": 16577
        },
        {
          "name": "Laufey",
          "streamCount": 51,
          "secondsPlayed": 9166
        },
        {
          "name": "The Strokes",
          "streamCount": 29,
          "secondsPlayed": 5250
        },
        {
          "name": "bôa",
          "streamCount": 24,
          "secondsPlayed": 4028
        },
        {
          "name": "The Weeknd",
          "streamCount": 25,
          "secondsPlayed": 3726
        },
        {
          "name": "Lana Del Rey",
          "streamCount": 19,
          "secondsPlayed": 3462
        },
        {
          "name": "Kali Uchis",
          "streamCount": 24,
          "secondsPlayed": 3461
        },
        {
          "name": "Sabrina Carpenter",
          "streamCount": 20,
          "secondsPlayed": 3139
        },
        {
          "name": "Madonna",
          "streamCount": 18,
          "secondsPlayed": 2958
        }
      ],
      "topGenres": [
        {
          "name": "girly pop",
          "streamCount": 100,
          "secondsPlayed": 19160
        },
        {
          "name": "female pop",
          "streamCount": 100,
          "secondsPlayed": 19029
        },
        {
          "name": "strut",
          "streamCount": 96,
          "secondsPlayed": 18316
        },
        {
          "name": "romantic",
          "streamCount": 84,
          "secondsPlayed": 15813
        },
        {
          "name": "indie",
          "streamCount": 94,
          "secondsPlayed": 14321
        },
        {
          "name": "love song",
          "streamCount": 77,
          "secondsPlayed": 11884
        },
        {
          "name": "pop",
          "streamCount": 64,
          "secondsPlayed": 11405
        },
        {
          "name": "jazz pop",
          "streamCount": 39,
          "secondsPlayed": 8893
        }
      ],
      "timeOfDayStats": [
        {
          "period": "late_evening",
          "secondsPlayed": 5511552
        },
        {
          "period": "afternoon",
          "secondsPlayed": 11246986
        },
        {
          "period": "morning",
          "secondsPlayed": 6529034
        },
        {
          "period": "evening",
          "secondsPlayed": 10024811
        },
        {
          "period": "early_morning",
          "secondsPlayed": 6865415
        },
        {
          "period": "night",
          "secondsPlayed": 747565
        }
      ]
    },
    {
      "date": "2023-09",
      "streamCount": 912,
      "secondsPlayed": 150295,
      "topTracks": [
        {
          "name": "Paint The Town Red",
          "streamCount": 28,
          "secondsPlayed": 4661
        },
        {
          "name": "ballad of a homeschooled girl",
          "streamCount": 28,
          "secondsPlayed": 6371
        },
        {
          "name": "Feather",
          "streamCount": 23,
          "secondsPlayed": 4443
        },
        {
          "name": "cardigan",
          "streamCount": 19,
          "secondsPlayed": 4209
        },
        {
          "name": "3:15 (Breathe)",
          "streamCount": 19,
          "secondsPlayed": 2931
        },
        {
          "name": "From The Start",
          "streamCount": 18,
          "secondsPlayed": 2540
        },
        {
          "name": "Castles Crumbling (feat. Hayley Williams) (Taylor’s Version) (From The Vault)",
          "streamCount": 17,
          "secondsPlayed": 3908
        },
        {
          "name": "Mia & Sebastian’s Theme",
          "streamCount": 16,
          "secondsPlayed": 1916
        },
        {
          "name": "Popular (with Playboi Carti & Madonna) - From The Idol Vol. 1 (Music from the HBO Original Series)",
          "streamCount": 16,
          "secondsPlayed": 2747
        },
        {
          "name": "Midnight Rain",
          "streamCount": 15,
          "secondsPlayed": 2680
        }
      ],
      "topArtists": [
        {
          "name": "Taylor Swift",
          "streamCount": 184,
          "secondsPlayed": 33546
        },
        {
          "name": "Olivia Rodrigo",
          "streamCount": 73,
          "secondsPlayed": 13886
        },
        {
          "name": "Laufey",
          "streamCount": 70,
          "secondsPlayed": 12827
        },
        {
          "name": "Lana Del Rey",
          "streamCount": 55,
          "secondsPlayed": 9451
        },
        {
          "name": "Sabrina Carpenter",
          "streamCount": 41,
          "secondsPlayed": 7045
        },
        {
          "name": "Doja Cat",
          "streamCount": 39,
          "secondsPlayed": 5973
        },
        {
          "name": "Kali Uchis",
          "streamCount": 26,
          "secondsPlayed": 3975
        },
        {
          "name": "The Weeknd",
          "streamCount": 24,
          "secondsPlayed": 3974
        },
        {
          "name": "Hayley Williams",
          "streamCount": 17,
          "secondsPlayed": 3908
        },
        {
          "name": "Conan Gray",
          "streamCount": 20,
          "secondsPlayed": 3489
        }
      ],
      "topGenres": [
        {
          "name": "female pop",
          "streamCount": 127,
          "secondsPlayed": 27684
        },
        {
          "name": "girly pop",
          "streamCount": 112,
          "secondsPlayed": 26399
        },
        {
          "name": "strut",
          "streamCount": 101,
          "secondsPlayed": 20393
        },
        {
          "name": "pop",
          "streamCount": 87,
          "secondsPlayed": 17467
        },
        {
          "name": "romantic",
          "streamCount": 73,
          "secondsPlayed": 13034
        },
        {
          "name": "jazz pop",
          "streamCount": 50,
          "secondsPlayed": 12531
        },
        {
          "name": "love song",
          "streamCount": 64,
          "secondsPlayed": 11409
        },
        {
          "name": "bollywood",
          "streamCount": 68,
          "secondsPlayed": 10555
        }
      ],
      "timeOfDayStats": [
        {
          "period": "late_evening",
          "secondsPlayed": 5333760
        },
        {
          "period": "afternoon",
          "secondsPlayed": 10884180
        },
        {
          "period": "morning",
          "secondsPlayed": 6318420
        },
        {
          "period": "evening",
          "secondsPlayed": 9701430
        },
        {
          "period": "early_morning",
          "secondsPlayed": 6643950
        },
        {
          "period": "night",
          "secondsPlayed": 723450
        }
      ]
    },
    {
      "date": "2023-08",
      "streamCount": 1057,
      "secondsPlayed": 174930,
      "topTracks": [
        {
          "name": "illicit affairs",
          "streamCount": 32,
          "secondsPlayed": 7973
        },
        {
          "name": "cardigan",
          "streamCount": 24,
          "secondsPlayed": 4639
        },
        {
          "name": "Mia & Sebastian’s Theme",
          "streamCount": 20,
          "secondsPlayed": 2380
        },
        {
          "name": "City Of Stars - From \"La La Land\" Soundtrack",
          "streamCount": 20,
          "secondsPlayed": 3277
        },
        {
          "name": "Duvet",
          "streamCount": 18,
          "secondsPlayed": 2286
        },
        {
          "name": "ceilings",
          "streamCount": 17,
          "secondsPlayed": 3137
        },
        {
          "name": "vampire",
          "streamCount": 16,
          "secondsPlayed": 3021
        },
        {
          "name": "I'm Just Ken (From Barbie The Album)",
          "streamCount": 16,
          "secondsPlayed": 2322
        },
        {
          "name": "Vigilante Shit",
          "streamCount": 15,
          "secondsPlayed": 2186
        },
        {
          "name": "West Coast",
          "streamCount": 15,
          "secondsPlayed": 3025
        }
      ],
      "topArtists": [
        {
          "name": "Taylor Swift",
          "streamCount": 167,
          "secondsPlayed": 33141
        },
        {
          "name": "Lana Del Rey",
          "streamCount": 55,
          "secondsPlayed": 8468
        },
        {
          "name": "The Strokes",
          "streamCount": 43,
          "secondsPlayed": 7675
        },
        {
          "name": "Conan Gray",
          "streamCount": 37,
          "secondsPlayed": 7122
        },
        {
          "name": "Paramore",
          "streamCount": 29,
          "secondsPlayed": 6183
        },
        {
          "name": "Billie Eilish",
          "streamCount": 31,
          "secondsPlayed": 6102
        },
        {
          "name": "Justin Hurwitz",
          "streamCount": 41,
          "secondsPlayed": 5726
        },
        {
          "name": "Ryan Gosling",
          "streamCount": 37,
          "secondsPlayed": 5668
        },
        {
          "name": "Arctic Monkeys",
          "streamCount": 31,
          "secondsPlayed": 5384
        },
        {
          "name": "Olivia Rodrigo",
          "streamCount": 27,
          "secondsPlayed": 5148
        }
      ],
      "topGenres": [
        {
          "name": "indie",
          "streamCount": 140,
          "secondsPlayed": 24440
        },
        {
          "name": "indie rock",
          "streamCount": 121,
          "secondsPlayed": 21742
        },
        {
          "name": "pop",
          "streamCount": 114,
          "secondsPlayed": 20436
        },
        {
          "name": "modern rock",
          "streamCount": 107,
          "secondsPlayed": 19577
        },
        {
          "name": "female pop",
          "streamCount": 102,
          "secondsPlayed": 18645
        },
        {
          "name": "alternative",
          "streamCount": 103,
          "secondsPlayed": 18581
        },
        {
          "name": "alternative rock",
          "streamCount": 89,
          "secondsPlayed": 16284
        },
        {
          "name": "love song",
          "streamCount": 77,
          "secondsPlayed": 15473
        }
      ],
      "timeOfDayStats": [
        {
          "period": "late_evening",
          "secondsPlayed": 5155968
        },
        {
          "period": "afternoon",
          "secondsPlayed": 10521374
        },
        {
          "period": "morning",
          "secondsPlayed": 6107806
        },
        {
          "period": "evening",
          "secondsPlayed": 9378049
        },
        {
          "period": "early_morning",
          "secondsPlayed": 6422485
        },
        {
          "period": "night",
          "secondsPlayed": 699335
        }
      ]
    }
  ],
  "highlights": [
    {
      "date": "2024-07-21",
      "highlightType": "UNLIKE_COMBINATION",
      "unlikeCombinationHighlight": {
        "firstEntity": "Ozuna",
        "secondEntity": "Hubie"
      }
    },
    {
      "date": "2024-07-14",
      "highlightType": "TOP_LISTENER",
      "topListenerHighlight": {
        "entity": "Sure Thing - Sped Up",
        "topPercentile": 0.027336394792809634
      }
    },
    {
      "date": "2024-07-07",
      "highlightType": "TOP_LISTENER",
      "topListenerHighlight": {
        "entity": "Close To You",
        "topPercentile": 0.042954652199840626
      }
    },
    {
      "date": "2024-06-30",
      "highlightType": "TOP_LISTENER",
      "topListenerHighlight": {
        "entity": "Please Please Please",
        "topPercentile": 0.06567364726670914
      }
    },
    {
      "date": "2024-06-23",
      "highlightType": "TOP_LISTENER",
      "topListenerHighlight": {
        "entity": "Sabrina Carpenter",
        "topPercentile": 0.09658319683010425
      }
    },
    {
      "date": "2024-06-10",
      "highlightType": "STREAKS",
      "streaksHighlight": {
        "entity": "Please Please Please",
        "dayStreaks": 7
      }
    },
    {
      "date": "2024-06-03",
      "highlightType": "TOP_LISTENER",
      "topListenerHighlight": {
        "entity": "logical",
        "topPercentile": 0.021965499066964857
      }
    },
    {
      "date": "2024-06",
      "highlightType": "STREAKS",
      "streaksHighlight": {
        "entity": "Olivia Rodrigo",
        "dayStreaks": 10
      }
    },
    {
      "date": "2024-05-27",
      "highlightType": "TOP_LISTENER",
      "topListenerHighlight": {
        "entity": "love is embarrassing",
        "topPercentile": 0.01656351576614027
      }
    },
    {
      "date": "2024-05-20",
      "highlightType": "UNLIKE_COMBINATION",
      "unlikeCombinationHighlight": {
        "firstEntity": "Alisha",
        "secondEntity": "Paralyzer"
      }
    },
    {
      "date": "2024-05-13",
      "highlightType": "TOP_LISTENER",
      "topListenerHighlight": {
        "entity": "Laufey",
        "topPercentile": 0.024628755459335117
      }
    },
    {
      "date": "2024-05-06",
      "highlightType": "PROPORTION_LISTENING_ENTITY",
      "proportionListeningHighlight": {
        "entity": "Laufey",
        "listeningPercentage": 34.19070468113597
      }
    },
    {
      "date": "2024-05",
      "highlightType": "STREAKS",
      "streaksHighlight": {
        "entity": "Bored",
        "dayStreaks": 8
      }
    },
    {
      "date": "2024-04-29",
      "highlightType": "UNLIKE_COMBINATION",
      "unlikeCombinationHighlight": {
        "firstEntity": "Pankaj Awasthi",
        "secondEntity": "Aliyah's Interlude"
      }
    },
    {
      "date": "2024-04-22",
      "highlightType": "TOP_LISTENER",
      "topListenerHighlight": {
        "entity": "Would've, Could've, Should've",
        "topPercentile": 0.050596946050039344
      }
    },
    {
      "date": "2024-04-15",
      "highlightType": "PROPORTION_LISTENING_ENTITY",
      "proportionListeningHighlight": {
        "entity": "Taylor Swift",
        "listeningPercentage": 30.325203252032516
      }
    },
    {
      "date": "2024-04-08",
      "highlightType": "STREAKS",
      "streaksHighlight": {
        "entity": "so american",
        "dayStreaks": 5
      }
    },
    {
      "date": "2024-04-01",
      "highlightType": "TOP_LISTENER",
      "topListenerHighlight": {
        "entity": "obsessed",
        "topPercentile": 0.028973452707397075
      }
    },
    {
      "date": "2024-04",
      "highlightType": "STREAKS",
      "streaksHighlight": {
        "entity": "obsessed",
        "dayStreaks": 8
      }
    },
    {
      "date": "2024-03-25",
      "highlightType": "TOP_LISTENER",
      "topListenerHighlight": {
        "entity": "Olivia Rodrigo",
        "topPercentile": 0.03985244721373272
      }
    },
    {
      "date": "2024-03-18",
      "highlightType": "UNLIKE_COMBINATION",
      "unlikeCombinationHighlight": {
        "firstEntity": "Muse",
        "secondEntity": "Vasundhara Das"
      }
    },
    {
      "date": "2024-03-11",
      "highlightType": "UNLIKE_COMBINATION",
      "unlikeCombinationHighlight": {
        "firstEntity": "I miss you, I’m sorry",
        "secondEntity": "Golden Gal"
      }
    },
    {
      "date": "2024-03-04",
      "highlightType": "STREAKS",
      "streaksHighlight": {
        "entity": "Laufey",
        "dayStreaks": 7
      }
    },
    {
      "date": "2024-03",
      "highlightType": "STREAKS",
      "streaksHighlight": {
        "entity": "Goddess",
        "dayStreaks": 7
      }
    },
    {
      "date": "2024-02-26",
      "highlightType": "UNLIKE_COMBINATION",
      "unlikeCombinationHighlight": {
        "firstEntity": "Sonu Nigam",
        "secondEntity": "Paramore"
      }
    }
  ]
}